-- phpMyAdmin SQL Dump
-- version 5.2.1
-- https://www.phpmyadmin.net/
--
-- Máy chủ: 127.0.0.1
-- Thời gian đã tạo: Th12 25, 2024 lúc 03:40 PM
-- Phiên bản máy phục vụ: 10.4.32-MariaDB
-- Phiên bản PHP: 8.2.12

SET SQL_MODE = "NO_AUTO_VALUE_ON_ZERO";
START TRANSACTION;
SET time_zone = "+00:00";


/*!40101 SET @OLD_CHARACTER_SET_CLIENT=@@CHARACTER_SET_CLIENT */;
/*!40101 SET @OLD_CHARACTER_SET_RESULTS=@@CHARACTER_SET_RESULTS */;
/*!40101 SET @OLD_COLLATION_CONNECTION=@@COLLATION_CONNECTION */;
/*!40101 SET NAMES utf8mb4 */;

--
-- Cơ sở dữ liệu: `ticket_manager`
--

-- --------------------------------------------------------

--
-- Cấu trúc bảng cho bảng `calendar`
--

CREATE TABLE `calendar` (
  `id` varchar(25) NOT NULL,
  `time` bigint(20) NOT NULL,
  `idMovie` varchar(25) NOT NULL,
  `cancleAt` bigint(20) DEFAULT NULL,
  `room` int(11) NOT NULL
) ENGINE=InnoDB DEFAULT CHARSET=utf8mb4 COLLATE=utf8mb4_general_ci;

--
-- Đang đổ dữ liệu cho bảng `calendar`
--

INSERT INTO `calendar` (`id`, `time`, `idMovie`, `cancleAt`, `room`) VALUES
('', 1719399660, '1', NULL, 1),
('1', 1719565200, '1', NULL, 1),
('2', 1719394201, 'MOVIE_1717866136_46521', NULL, 2),
('CALENDAR_1719397686_030', 1719490620, 'MOVIE_1717866136_46521', NULL, 1),
('CALENDAR_1733226519_342', 1733238000, 'MOVIE_1733226465_14338', NULL, 1),
('CALENDAR_1733368453_659', 1733446800, 'MOVIE_1717866136_55853', NULL, 2),
('CALENDAR_1733368506_974', 1733385600, 'MOVIE_1717866136_55853', NULL, 2),
('CALENDAR_1733852250_354', 1733965200, 'MOVIE_1733584807_39836', NULL, 1),
('CALENDAR_1734019407_473', 1736654400, '1', NULL, 1),
('CALENDAR_1734020456_890', 1766584800, 'MOVIE_1733588598_76823', NULL, 2),
('CALENDAR_1734020491_503', 1735048800, 'MOVIE_1733588598_76823', NULL, 1),
('CALENDAR_1734020689_965', 1734998400, '1', NULL, 1),
('CALENDAR_1734020718_432', 1734973200, 'MOVIE_1717866136_46521', NULL, 1),
('CALENDAR_1734020777_172', 1734984000, 'MOVIE_1717866136_55853', NULL, 1),
('CALENDAR_1734020845_985', 1735005600, 'MOVIE_1717866136_60078', NULL, 1),
('CALENDAR_1734020868_613', 1735016400, 'MOVIE_1718110145_27760', NULL, 1),
('CALENDAR_1734020892_551', 1735025400, 'MOVIE_1718110284_28395', NULL, 1),
('CALENDAR_1734020916_871', 1735036200, 'MOVIE_1733226465_14338', NULL, 1),
('CALENDAR_1734020980_657', 1735040400, 'MOVIE_1733582326_01986', NULL, 1),
('CALENDAR_1734021088_681', 1734973200, 'MOVIE_1733582326_10886', NULL, 2),
('CALENDAR_1734021128_077', 1734982200, 'MOVIE_1733582326_15499', NULL, 2),
('CALENDAR_1734021149_877', 1734989400, 'MOVIE_1733582326_19864', NULL, 2),
('CALENDAR_1734021159_214', 1734996600, 'MOVIE_1733582326_44601', NULL, 2),
('CALENDAR_1734021176_822', 1735003800, 'MOVIE_1733582326_50272', NULL, 2),
('CALENDAR_1734021189_842', 1735011000, 'MOVIE_1733582326_55129', NULL, 2),
('CALENDAR_1734021204_301', 1735018200, 'MOVIE_1733582326_59475', NULL, 2),
('CALENDAR_1734021300_318', 1735025400, 'MOVIE_1733582326_82059', NULL, 2),
('CALENDAR_1734021338_857', 1735034400, 'MOVIE_1733582326_82648', NULL, 2),
('CALENDAR_1734021357_944', 1735039800, 'MOVIE_1733582326_91690', NULL, 2),
('CALENDAR_1734021510_917', 1735047000, 'MOVIE_1733582326_94000', NULL, 2),
('CALENDAR_1734021590_521', 1734973200, 'MOVIE_1733582326_94216', NULL, 3),
('CALENDAR_1734021604_913', 1734978600, 'MOVIE_1733584807_00446', NULL, 3),
('CALENDAR_1734021630_527', 1734985800, 'MOVIE_1733584807_08175', NULL, 3),
('CALENDAR_1734021645_206', 1734993000, 'MOVIE_1733584807_09605', NULL, 3),
('CALENDAR_1734021668_603', 1735002000, 'MOVIE_1733584807_11821', NULL, 3),
('CALENDAR_1734021697_278', 1735014600, 'MOVIE_1733584807_12060', NULL, 3),
('CALENDAR_1734021747_839', 1735021800, 'MOVIE_1733584807_14405', NULL, 3),
('CALENDAR_1734021760_621', 1735029000, 'MOVIE_1733584807_14405', 1734021866, 3),
('CALENDAR_1734023112_397', 1735036200, 'MOVIE_1733584807_20094', NULL, 3),
('CALENDAR_1734023135_717', 1735047000, 'MOVIE_1733584807_21671', NULL, 3),
('CALENDAR_1734023192_846', 1734973200, 'MOVIE_1733584807_23780', NULL, 4),
('CALENDAR_1734023209_759', 1734982200, 'MOVIE_1733584807_28993', NULL, 4),
('CALENDAR_1734023232_890', 1734991200, 'MOVIE_1733584807_39836', NULL, 4),
('CALENDAR_1734023245_691', 1735003800, 'MOVIE_1733584807_42881', NULL, 4),
('CALENDAR_1734023268_048', 1735016400, 'MOVIE_1733584807_45750', NULL, 4),
('CALENDAR_1734023291_815', 1735025400, 'MOVIE_1733584807_46502', NULL, 4),
('CALENDAR_1734023318_760', 1735032600, 'MOVIE_1733584807_50309', NULL, 4),
('CALENDAR_1734023340_512', 1735041600, 'MOVIE_1733584807_51648', NULL, 4),
('CALENDAR_1734023382_679', 1735054200, 'MOVIE_1733584807_53467', NULL, 4),
('CALENDAR_1734023459_948', 1735059600, 'MOVIE_1733584807_54755', NULL, 1),
('CALENDAR_1734023476_208', 1735066800, 'MOVIE_1733584807_55119', NULL, 1),
('CALENDAR_1734023499_813', 1735075800, 'MOVIE_1733584807_55343', NULL, 1),
('CALENDAR_1734023519_821', 1735083000, 'MOVIE_1733584807_60055', NULL, 1),
('CALENDAR_1734023540_443', 1735092000, 'MOVIE_1733584807_60084', NULL, 1),
('CALENDAR_1734023569_740', 1735101000, 'MOVIE_1733584807_60706', NULL, 1),
('CALENDAR_1734023589_765', 1735113600, 'MOVIE_1733584807_76010', NULL, 1),
('CALENDAR_1734023617_904', 1735126200, 'MOVIE_1733584807_77441', NULL, 1),
('CALENDAR_1734023640_684', 1735135200, 'MOVIE_1733584807_78098', NULL, 1),
('CALENDAR_1734023676_598', 1735059600, 'MOVIE_1733584807_79350', NULL, 2),
('CALENDAR_1734023687_463', 1735066800, 'MOVIE_1733584807_92804', NULL, 2),
('CALENDAR_1734023703_408', 1735074000, 'MOVIE_1733584807_92804', 1734023732, 2),
('CALENDAR_1734023881_654', 1735081200, 'MOVIE_1733584807_94644', NULL, 2),
('CALENDAR_1734023898_765', 1735088400, 'MOVIE_1733584807_95863', NULL, 2),
('CALENDAR_1734023911_305', 1735095600, 'MOVIE_1733584807_96121', NULL, 2),
('CALENDAR_1734023926_566', 1735104600, 'MOVIE_1733584807_98228', NULL, 2),
('CALENDAR_1734023943_965', 1735113600, 'MOVIE_1733584807_98374', NULL, 2),
('CALENDAR_1734023958_517', 1735120800, 'MOVIE_1733586071_02187', NULL, 2),
('CALENDAR_1734023971_142', 1735128000, 'MOVIE_1733586071_09915', NULL, 2),
('CALENDAR_1734023982_601', 1735135200, 'MOVIE_1733586071_26251', NULL, 2),
('CALENDAR_1734023997_765', 1735142400, 'MOVIE_1733586071_35867', NULL, 2),
('CALENDAR_1734024052_991', 1735059600, 'MOVIE_1733586071_42350', NULL, 3),
('CALENDAR_1734024062_390', 1735066800, 'MOVIE_1733586071_42863', NULL, 3),
('CALENDAR_1734024071_772', 1735074000, 'MOVIE_1733586071_54677', NULL, 3),
('CALENDAR_1734024083_942', 1735081200, 'MOVIE_1733586071_57783', NULL, 3),
('CALENDAR_1734024092_503', 1735088400, 'MOVIE_1733586071_84678', NULL, 3),
('CALENDAR_1734024102_852', 1735095600, 'MOVIE_1733586071_98350', NULL, 3),
('CALENDAR_1734024126_371', 1735104600, 'MOVIE_1733588598_03043', NULL, 3),
('CALENDAR_1734024342_989', 1735110000, 'MOVIE_1733588598_03247', NULL, 3),
('CALENDAR_1734024368_021', 1735115400, 'MOVIE_1733588598_03881', NULL, 3),
('CALENDAR_1734024657_757', 1735122600, 'MOVIE_1733588598_04734', NULL, 3),
('CALENDAR_1734024672_732', 1735129800, 'MOVIE_1733588598_09703', NULL, 3),
('CALENDAR_1734024699_715', 1735137000, 'MOVIE_1733588598_12004', NULL, 3),
('CALENDAR_1734024717_399', 1735142400, 'MOVIE_1733588598_13830', NULL, 3),
('CALENDAR_1734024773_685', 1735061400, 'MOVIE_1733588598_42928', NULL, 4),
('CALENDAR_1734024800_145', 1735070400, 'MOVIE_1733588598_15166', NULL, 4),
('CALENDAR_1734024817_606', 1735083000, 'MOVIE_1733588598_65540', NULL, 4),
('CALENDAR_1734024826_664', 1735090200, 'MOVIE_1733588598_47388', NULL, 4),
('CALENDAR_1734024841_903', 1735099200, 'MOVIE_1733588598_68605', NULL, 4),
('CALENDAR_1734024863_390', 1735108200, 'MOVIE_1733588598_98872', NULL, 4),
('CALENDAR_1734024900_353', 1735120800, 'MOVIE_1733588598_15543', NULL, 4),
('CALENDAR_1734024913_542', 1735126200, 'MOVIE_1733588598_16307', NULL, 4),
('CALENDAR_1734024923_510', 1735133400, 'MOVIE_1733588598_23506', NULL, 4),
('CALENDAR_1734024943_115', 1735138800, 'MOVIE_1733588598_23865', NULL, 4),
('CALENDAR_1735121479_368', 1735149600, 'MOVIE_1733588598_65696', NULL, 1),
('CALENDAR_1735121509_237', 1735156200, 'MOVIE_1733588598_78814', NULL, 1),
('CALENDAR_1735121611_513', 1735162800, 'MOVIE_1733588598_90047', NULL, 1),
('CALENDAR_1735121649_470', 1735171200, 'MOVIE_1733588598_25854', NULL, 1),
('CALENDAR_1735121677_859', 1735177800, 'MOVIE_1733588598_09703', NULL, 1),
('CALENDAR_1735121781_848', 1735184400, 'MOVIE_1733588598_63973', NULL, 1),
('CALENDAR_1735121794_373', 1735191600, 'MOVIE_1733588598_53905', NULL, 1),
('CALENDAR_1735121812_291', 1735196400, 'MOVIE_1733588598_39780', NULL, 1),
('CALENDAR_1735121834_556', 1735201200, 'MOVIE_1733588598_04734', NULL, 1),
('CALENDAR_1735121873_342', 1735207800, 'MOVIE_1733588598_41840', NULL, 1),
('CALENDAR_1735121967_282', 1735214400, 'MOVIE_1733584807_96121', NULL, 1),
('CALENDAR_1735122098_352', 1735222800, 'MOVIE_1733584807_79350', NULL, 1),
('CALENDAR_1735122150_432', 1735229400, 'MOVIE_1733584807_79350', NULL, 1),
('CALENDAR_1735122192_165', 1735149600, 'MOVIE_1733584807_46502', NULL, 2),
('CALENDAR_1735122234_533', 1735156200, 'MOVIE_1733582326_44601', NULL, 2),
('CALENDAR_1735122246_324', 1735163400, 'MOVIE_1733584807_23780', NULL, 2),
('CALENDAR_1735122274_200', 1735171800, 'MOVIE_1733588598_03881', NULL, 2),
('CALENDAR_1735122289_875', 1735178400, 'MOVIE_1733588598_92826', NULL, 2),
('CALENDAR_1735122307_694', 1735185000, 'MOVIE_1733588598_16307', NULL, 2),
('CALENDAR_1735122325_299', 1735192200, 'MOVIE_1733588598_53905', NULL, 2),
('CALENDAR_1735122336_970', 1735197000, 'MOVIE_1733588598_53905', NULL, 2),
('CALENDAR_1735122356_206', 1735201800, 'MOVIE_1733588598_13830', NULL, 2),
('CALENDAR_1735122418_222', 1735206600, 'MOVIE_1733588598_32551', NULL, 2),
('CALENDAR_1735122430_645', 1735211400, 'MOVIE_1733588598_03247', NULL, 2),
('CALENDAR_1735122461_571', 1735216200, 'MOVIE_1733588598_51717', NULL, 2),
('CALENDAR_1735122483_940', 1735222800, 'MOVIE_1733588598_03043', NULL, 2),
('CALENDAR_1735122543_666', 1735228200, 'MOVIE_1733226465_14338', NULL, 2),
('CALENDAR_1735122656_398', 1735147200, 'MOVIE_1733582326_91690', NULL, 3),
('CALENDAR_1735122679_397', 1735152600, 'MOVIE_1733584807_51648', NULL, 3),
('CALENDAR_1735122694_280', 1735164600, 'MOVIE_1733584807_51648', NULL, 3),
('CALENDAR_1735122716_366', 1735176600, 'MOVIE_1733584807_54755', NULL, 3),
('CALENDAR_1735122736_471', 1735183200, 'MOVIE_1733584807_96121', NULL, 3),
('CALENDAR_1735122749_560', 1735192200, 'MOVIE_1733588598_03247', NULL, 3),
('CALENDAR_1735122777_105', 1735197000, 'MOVIE_1733588598_03247', NULL, 3),
('CALENDAR_1735122790_588', 1735201800, 'MOVIE_1733588598_39420', NULL, 3),
('CALENDAR_1735122803_097', 1735208400, 'MOVIE_1733588598_68605', NULL, 3),
('CALENDAR_1735122823_076', 1735217400, 'MOVIE_1733588598_90047', NULL, 3),
('CALENDAR_1735122853_839', 1735225800, 'MOVIE_1733588598_51717', NULL, 3),
('CALENDAR_1735122878_552', 1735146000, 'MOVIE_1733584807_98374', NULL, 4),
('CALENDAR_1735122889_078', 1735152600, 'MOVIE_1733588598_15166', NULL, 4),
('CALENDAR_1735122903_348', 1735164600, 'MOVIE_1733586071_42350', NULL, 4),
('CALENDAR_1735122916_023', 1735171200, 'MOVIE_1733588598_23506', NULL, 4),
('CALENDAR_1735122928_708', 1735176000, 'MOVIE_1733586071_98350', NULL, 4),
('CALENDAR_1735122941_399', 1735185000, 'MOVIE_1733588598_39420', NULL, 4),
('CALENDAR_1735122952_234', 1735192200, 'MOVIE_1733588598_92826', NULL, 4),
('CALENDAR_1735122967_292', 1735199400, 'MOVIE_1733588598_78814', NULL, 4),
('CALENDAR_1735122993_618', 1735206600, 'MOVIE_1733588598_67338', NULL, 4),
('CALENDAR_1735123002_508', 1735213800, 'MOVIE_1733588598_23865', NULL, 4),
('CALENDAR_1735123012_547', 1735221000, 'MOVIE_1733588598_68605', NULL, 4),
('CALENDAR_1735123064_600', 1735229400, 'MOVIE_1733226465_14338', NULL, 4),
('CALENDAR_1735123148_441', 1735236000, 'MOVIE_1733584807_55119', NULL, 1),
('CALENDAR_1735123208_830', 1735244400, 'MOVIE_1733582326_50272', NULL, 1),
('CALENDAR_1735123227_987', 1735251000, 'MOVIE_1733584807_20094', NULL, 1),
('CALENDAR_1735123239_727', 1735259400, 'MOVIE_1733584807_98228', NULL, 1),
('CALENDAR_1735123253_418', 1735267800, 'MOVIE_1733584807_95863', NULL, 1),
('CALENDAR_1735123282_315', 1735275000, 'MOVIE_1733588598_04734', NULL, 1),
('CALENDAR_1735123293_019', 1735282200, 'MOVIE_1733588598_86440', NULL, 1),
('CALENDAR_1735123309_820', 1735287000, 'MOVIE_1733588598_41407', NULL, 1),
('CALENDAR_1735123351_017', 1735293600, 'MOVIE_1733584807_55119', NULL, 1),
('CALENDAR_1735123367_175', 1735302000, 'MOVIE_1733584807_39836', NULL, 1),
('CALENDAR_1735123398_282', 1735314600, 'MOVIE_1733226465_14338', NULL, 1),
('CALENDAR_1735123421_482', 1735232400, 'MOVIE_1717866136_46521', NULL, 2),
('CALENDAR_1735123431_582', 1735240800, 'MOVIE_1733582326_94216', NULL, 2),
('CALENDAR_1735123468_966', 1735246200, 'MOVIE_1733584807_55119', NULL, 2),
('CALENDAR_1735123478_461', 1735254600, 'MOVIE_1733584807_98228', NULL, 2),
('CALENDAR_1735123488_006', 1735263000, 'MOVIE_1733588598_16307', NULL, 2),
('CALENDAR_1735123502_004', 1735269600, 'MOVIE_1733588598_54644', NULL, 2),
('CALENDAR_1735123511_342', 1735276200, 'MOVIE_1733588598_92826', NULL, 2),
('CALENDAR_1735123530_389', 1735283400, 'MOVIE_1733588598_12004', NULL, 2),
('CALENDAR_1735123546_851', 1735288200, 'MOVIE_1733588598_39780', NULL, 2),
('CALENDAR_1735123560_870', 1735293000, 'MOVIE_1733588598_86440', NULL, 2),
('CALENDAR_1735123574_433', 1735297800, 'MOVIE_1717866136_60078', NULL, 2),
('CALENDAR_1735123596_601', 1735308000, 'MOVIE_1718110145_27760', NULL, 2),
('CALENDAR_1735123620_046', 1735232400, '1', NULL, 3),
('CALENDAR_1735123631_081', 1735239000, 'MOVIE_1733584807_14405', NULL, 3),
('CALENDAR_1735123639_396', 1735246200, 'MOVIE_1733584807_60706', NULL, 3),
('CALENDAR_1735123651_414', 1735258200, 'MOVIE_1733588598_03881', NULL, 3),
('CALENDAR_1735123664_075', 1735264800, 'MOVIE_1733588598_33562', NULL, 3),
('CALENDAR_1735123683_936', 1735271400, 'MOVIE_1733588598_04734', NULL, 3),
('CALENDAR_1735123729_522', 1735271400, 'MOVIE_1733588598_53905', NULL, 3),
('CALENDAR_1735123773_437', 1735278000, 'MOVIE_1733588598_98872', NULL, 3),
('CALENDAR_1735123825_480', 1735290000, 'MOVIE_1733588598_65696', NULL, 3),
('CALENDAR_1735123872_794', 1735297200, 'MOVIE_1733588598_42928', NULL, 3),
('CALENDAR_1735123887_262', 1735306200, 'MOVIE_1733588598_92826', NULL, 3),
('CALENDAR_1735123900_683', 1735313400, 'MOVIE_1733588598_16307', NULL, 3),
('CALENDAR_1735123931_732', 1735233600, 'MOVIE_1733584807_76010', NULL, 4),
('CALENDAR_1735123952_498', 1735246200, 'MOVIE_1733586071_42863', NULL, 4),
('CALENDAR_1735123997_888', 1735252800, 'MOVIE_1733588598_23865', NULL, 4),
('CALENDAR_1735124007_539', 1735259400, 'MOVIE_1733588598_51717', NULL, 4),
('CALENDAR_1735124015_982', 1735266600, 'MOVIE_1733588598_90047', NULL, 4),
('CALENDAR_1735124036_963', 1735275600, 'MOVIE_1733588598_15166', NULL, 4),
('CALENDAR_1735124104_861', 1735288200, 'MOVIE_1733588598_15166', NULL, 4),
('CALENDAR_1735124131_545', 1735300200, 'MOVIE_1733586071_57783', NULL, 4),
('CALENDAR_1735124149_521', 1735311000, 'MOVIE_1733586071_98350', NULL, 4);

-- --------------------------------------------------------

--
-- Cấu trúc bảng cho bảng `movie`
--

CREATE TABLE `movie` (
  `id` varchar(25) NOT NULL,
  `name` varchar(255) NOT NULL,
  `age` int(11) NOT NULL,
  `minPrice` int(11) NOT NULL,
  `hideAt` bigint(20) DEFAULT NULL,
  `createAt` bigint(20) NOT NULL,
  `time` int(11) NOT NULL,
  `image` varchar(100) DEFAULT NULL
) ENGINE=InnoDB DEFAULT CHARSET=utf8mb4 COLLATE=utf8mb4_general_ci;

--
-- Đang đổ dữ liệu cho bảng `movie`
--

INSERT INTO `movie` (`id`, `name`, `age`, `minPrice`, `hideAt`, `createAt`, `time`, `image`) VALUES
('1', 'cô dâu 8 tuổi', 16, 31000, NULL, 20, 90, NULL),
('MOVIE_1717866136_46521', 'Star War 1', 18, 45000, NULL, 1717866136, 120, NULL),
('MOVIE_1717866136_55853', 'Còn tuổi nào cho em', 16, 50000, NULL, 1717866136, 130, NULL),
('MOVIE_1717866136_60078', 'Minions', 16, 100000, NULL, 1717866136, 150, NULL),
('MOVIE_1718110145_27760', 'Overlord', 2, 45000, NULL, 1718110146, 120, NULL),
('MOVIE_1718110284_28395', 'Fast and Furious', 18, 50000, NULL, 1718110285, 120, NULL),
('MOVIE_1733226465_14338', 'Rolling Down', 18, 10000, NULL, 1733226466, 50, NULL),
('MOVIE_1733582326_01986', 'NHÍM SONIC 3', 18, 50000, NULL, 1733582326, 90, NULL),
('MOVIE_1733582326_10886', 'MUFASA: VUA SƯ TỬ', 2, 55000, NULL, 1733582326, 120, NULL),
('MOVIE_1733582326_15499', 'NGÀI QUỶ', 18, 120000, NULL, 1733582326, 90, NULL),
('MOVIE_1733582326_19864', 'GÁI NGỐ GẶP MA LẦY', 18, 65000, NULL, 1733582326, 90, NULL),
('MOVIE_1733582326_44601', 'GIA ĐÌNH HOÀN HẢO', 18, 120000, NULL, 1733582326, 90, NULL),
('MOVIE_1733582326_50272', 'RM: ĐÚNG NGƯỜI, SAI ĐỊA ĐIỂM', 16, 55000, NULL, 1733582326, 90, NULL),
('MOVIE_1733582326_55129', 'CHỊ DÂU', 16, 55000, NULL, 1733582326, 90, NULL),
('MOVIE_1733582326_59475', 'KÍNH VẠN HOA', 2, 55000, NULL, 1733582326, 90, NULL),
('MOVIE_1733582326_82059', 'KRAVEN THE HUNTER', 18, 55000, NULL, 1733582326, 120, NULL),
('MOVIE_1733582326_82648', 'TRẺ TRÂU KHÔNG ĐÙA ĐƯỢC ĐÂU', 16, 120000, NULL, 1733582326, 60, NULL),
('MOVIE_1733582326_91690', 'MƯA TRÊN CÁNH BƯỚM', 18, 50000, NULL, 1733582326, 60, NULL),
('MOVIE_1733582326_94000', 'XÍCH: TRÓI HỒN YỂM XÁC', 18, 120000, NULL, 1733582326, 180, NULL),
('MOVIE_1733582326_94216', 'BỘ TỨ BÁO THỦ', 18, 120000, NULL, 1733582326, 60, NULL),
('MOVIE_1733584807_00446', 'MÈO MA BÊ THA', 2, 120000, NULL, 1733584808, 90, NULL),
('MOVIE_1733584807_08175', 'CÔNG TỬ BẠC LIÊU', 2, 65000, NULL, 1733584808, 90, NULL),
('MOVIE_1733584807_09605', 'BLUE PERIOD', 16, 120000, NULL, 1733584808, 120, NULL),
('MOVIE_1733584807_11821', 'WOODWALKERS - NGƯỜI HÓA THÚ', 16, 120000, NULL, 1733584808, 180, NULL),
('MOVIE_1733584807_12060', 'HÀNH TRÌNH CỦA MOANA 2', 2, 120000, NULL, 1733584808, 90, NULL),
('MOVIE_1733584807_14405', 'THÁM TỬ KIÊN: KỲ ÁN KHÔNG ĐẦU', 18, 120000, NULL, 1733584808, 90, NULL),
('MOVIE_1733584807_20094', 'MẬT MÃ ĐỎ', 16, 120000, NULL, 1733584808, 120, NULL),
('MOVIE_1733584807_21671', 'CAPTAIN AMERICA: THẾ GIỚI MỚI', 18, 120000, NULL, 1733584808, 180, NULL),
('MOVIE_1733584807_23780', 'WICKED', 2, 120000, NULL, 1733584808, 120, NULL),
('MOVIE_1733584807_28993', 'ĐỊA ĐẠO: MẶT TRỜI TRONG BÓNG TỐI', 18, 120000, NULL, 1733584808, 120, NULL),
('MOVIE_1733584807_39836', 'CHIẾN ĐỊA TỬ THI', 18, 120000, NULL, 1733584808, 180, NULL),
('MOVIE_1733584807_42881', 'VÕ SĨ GIÁC ĐẤU II', 18, 120000, NULL, 1733584808, 180, NULL),
('MOVIE_1733584807_45750', 'NGÀY XƯA CÓ MỘT CHUYỆN TÌNH', 16, 120000, NULL, 1733584808, 120, NULL),
('MOVIE_1733584807_46502', 'CU LI KHÔNG BAO GIỜ KHÓC', 16, 65000, NULL, 1733584808, 90, NULL),
('MOVIE_1733584807_50309', 'NHÀ CÓ NĂM NÀNG DÂU SPECIALS 2', 16, 120000, NULL, 1733584808, 120, NULL),
('MOVIE_1733584807_51648', 'VENOM: KÈO CUỐI', 18, 120000, NULL, 1733584808, 180, NULL),
('MOVIE_1733584807_53467', 'ĐÔI BẠN HỌC YÊU', 16, 65000, NULL, 1733584808, 90, NULL),
('MOVIE_1733584807_54755', 'BIỆT ĐỘI SẤM SÉT*', 2, 120000, NULL, 1733584808, 90, NULL),
('MOVIE_1733584807_55119', 'THẦN DƯỢC', 18, 120000, NULL, 1733584808, 120, NULL),
('MOVIE_1733584807_55343', 'TRAPEZIUM', 18, 120000, NULL, 1733584808, 90, NULL),
('MOVIE_1733584807_60055', 'QUỶ NHẬP TRÀNG', 18, 65000, NULL, 1733584808, 120, NULL),
('MOVIE_1733584807_60084', 'NHIỆM VỤ: BẤT KHẢ THI - NGHIỆP BÁO CUỐI CÙNG', 18, 120000, NULL, 1733584808, 120, NULL),
('MOVIE_1733584807_60706', 'TẾT ÂM HỒN', 18, 120000, NULL, 1733584808, 180, NULL),
('MOVIE_1733584807_76010', 'TEE YOD: QUỶ ĂN TẠNG PHẦN 2', 18, 120000, NULL, 1733584808, 180, NULL),
('MOVIE_1733584807_77441', 'QUỶ TREO ĐẦU', 18, 120000, NULL, 1733584808, 120, NULL),
('MOVIE_1733584807_78098', 'CHÚA TỂ CỦA NHỮNG CHIẾC NHẪN: CUỘC CHIẾN CỦA ROHIRRIM', 18, 120000, NULL, 1733584808, 180, NULL),
('MOVIE_1733584807_79350', 'MỘT BỘ PHIM MINECRAFT', 18, 120000, NULL, 1733584808, 90, NULL),
('MOVIE_1733584807_92804', 'NÀNG BẠCH TUYẾT', 16, 120000, NULL, 1733584808, 90, NULL),
('MOVIE_1733584807_94644', 'NGÀY TA ĐÃ YÊU', 16, 65000, NULL, 1733584808, 90, NULL),
('MOVIE_1733584807_95863', 'LINH MIÊU', 18, 65000, NULL, 1733584808, 90, NULL),
('MOVIE_1733584807_96121', 'CƯỜI XUYÊN BIÊN GIỚI', 2, 120000, NULL, 1733584808, 120, NULL),
('MOVIE_1733584807_98228', 'NHÀ GIA TIÊN', 16, 120000, NULL, 1733584808, 120, NULL),
('MOVIE_1733584807_98374', 'BĂNG ĐẢNG QUÁI KIỆT 2', 2, 120000, NULL, 1733584808, 90, NULL),
('MOVIE_1733586071_02187', 'Thiếu Chút Mỹ Vị', 16, 65000, NULL, 1733586071, 90, NULL),
('MOVIE_1733586071_09915', 'Star Wars: Skeleton Crew', 16, 120000, NULL, 1733586071, 90, NULL),
('MOVIE_1733586071_26251', 'Trò Chơi Lọ Lem', 18, 120000, NULL, 1733586071, 90, NULL),
('MOVIE_1733586071_35867', 'Trong Hôn Nhân Ngoài Hôn Nhân', 18, 65000, NULL, 1733586071, 90, NULL),
('MOVIE_1733586071_42350', 'Khu Rừng Đen Trắng', 18, 65000, NULL, 1733586071, 90, NULL),
('MOVIE_1733586071_42863', 'Cửu Trùng Tử', 16, 120000, NULL, 1733586071, 90, NULL),
('MOVIE_1733586071_54677', 'Tôi Là Cảnh Sát Hình Sự', 16, 65000, NULL, 1733586071, 90, NULL),
('MOVIE_1733586071_57783', 'Lòng Dũng Cảm Vô Ích', 16, 65000, NULL, 1733586071, 90, NULL),
('MOVIE_1733586071_84678', 'Đấu La Đại Lục: Nhiên Hồn Chiến', 16, 65000, NULL, 1733586071, 90, NULL),
('MOVIE_1733586071_98350', 'Chuyện Gia Đình', 16, 65000, NULL, 1733586071, 120, NULL),
('MOVIE_1733588598_03043', 'Trà Xanh Đấu Siêu Lừa', 16, 45000, NULL, 1733588599, 60, NULL),
('MOVIE_1733588598_03247', 'Tình Đầu', 16, 45000, NULL, 1733588599, 60, NULL),
('MOVIE_1733588598_03881', 'Mai', 16, 120000, NULL, 1733588599, 90, NULL),
('MOVIE_1733588598_04734', 'Gió Ngược', 16, 45000, NULL, 1733588599, 90, NULL),
('MOVIE_1733588598_09703', 'Tái Sinh', 16, 45000, NULL, 1733588599, 90, NULL),
('MOVIE_1733588598_12004', 'Tiểu Tam Không Có Lỗi', 16, 45000, NULL, 1733588599, 60, NULL),
('MOVIE_1733588598_13830', 'Hẻm Tử Thần', 16, 45000, NULL, 1733588599, 60, NULL),
('MOVIE_1733588598_15166', 'Lật Mặt 2: Phim Trường', 18, 120000, NULL, 1733588599, 180, NULL),
('MOVIE_1733588598_15543', 'Gạo Nếp Gạo Tẻ (Phần 2)', 16, 45000, NULL, 1733588599, 60, NULL),
('MOVIE_1733588598_16307', 'Kẻ Ăn Hồn', 18, 45000, NULL, 1733588599, 90, NULL),
('MOVIE_1733588598_23506', 'Gái Già Lắm Chiêu V: Những Cuộc Đời Vương Giả', 16, 45000, NULL, 1733588599, 60, NULL),
('MOVIE_1733588598_23865', 'Tấm Cám Chuyện Chưa Kể', 18, 120000, NULL, 1733588599, 90, NULL),
('MOVIE_1733588598_25854', 'Tham Vọng Giàu Sang', 18, 45000, NULL, 1733588599, 90, NULL),
('MOVIE_1733588598_32551', 'Mất Tích Đêm 30', 18, 45000, NULL, 1733588599, 60, NULL),
('MOVIE_1733588598_33562', 'Dân Chơi Không Sợ Con Rơi', 16, 45000, NULL, 1733588599, 90, NULL),
('MOVIE_1733588598_39420', 'Cù Lao Xác Sống', 18, 45000, NULL, 1733588599, 90, NULL),
('MOVIE_1733588598_39780', 'Mắt Của Quỷ', 18, 45000, NULL, 1733588599, 60, NULL),
('MOVIE_1733588598_41407', 'Ngoại Tình Với Vợ', 16, 45000, NULL, 1733588599, 90, NULL),
('MOVIE_1733588598_41440', 'Sugar Baby: Nghiệp', 18, 45000, NULL, 1733588599, 60, NULL),
('MOVIE_1733588598_41840', 'Cô Dâu Đại Chiến', 16, 45000, NULL, 1733588599, 90, NULL),
('MOVIE_1733588598_42928', 'Lật Mặt 1', 18, 120000, NULL, 1733588599, 120, NULL),
('MOVIE_1733588598_47388', 'Lật Mặt 4: Nhà Có Khách', 18, 120000, NULL, 1733588599, 120, NULL),
('MOVIE_1733588598_51717', 'Ngon Từng Ngõ Ngách', 16, 45000, NULL, 1733588599, 90, NULL),
('MOVIE_1733588598_53905', 'Chị Đại Trở Lại', 16, 45000, NULL, 1733588599, 60, NULL),
('MOVIE_1733588598_54644', 'Nữ Luật Sư', 16, 45000, NULL, 1733588599, 90, NULL),
('MOVIE_1733588598_63973', 'Quỷ Cẩu', 18, 45000, NULL, 1733588599, 90, NULL),
('MOVIE_1733588598_65540', 'Lật Mặt 3: Ba Chàng Khuyết', 18, 120000, NULL, 1733588599, 90, NULL),
('MOVIE_1733588598_65696', 'Phía Sau Cái Chết', 18, 120000, NULL, 1733588599, 90, NULL),
('MOVIE_1733588598_67338', 'Gặp Lại Chị Bầu', 16, 120000, NULL, 1733588599, 90, NULL),
('MOVIE_1733588598_68605', 'Lật Mặt 5: 48h', 18, 120000, NULL, 1733588599, 120, NULL),
('MOVIE_1733588598_76823', 'Đẹp Từng Centimet', 18, 45000, NULL, 1733588599, 90, NULL),
('MOVIE_1733588598_78814', 'Án Mạng Lầu 4', 18, 45000, NULL, 1733588599, 90, NULL),
('MOVIE_1733588598_86440', 'Gạo Nếp Gạo Tẻ (Phần 1)', 16, 45000, NULL, 1733588599, 60, NULL),
('MOVIE_1733588598_90047', 'Độc Đạo', 18, 120000, NULL, 1733588599, 120, NULL),
('MOVIE_1733588598_92826', 'Thiên Linh Cái: Chuyện Chưa Kể', 18, 45000, NULL, 1733588599, 90, NULL),
('MOVIE_1733588598_94032', 'Nụ Hôn Thần Chết', 16, 45000, NULL, 1733588599, 60, NULL),
('MOVIE_1733588598_98872', 'Lật Mặt 6: Tấm Vé Định Mệnh', 18, 120000, NULL, 1733588599, 180, NULL);

-- --------------------------------------------------------

--
-- Cấu trúc bảng cho bảng `seat`
--

CREATE TABLE `seat` (
  `id` bigint(20) NOT NULL,
  `idTicket` varchar(25) NOT NULL,
  `location` varchar(3) NOT NULL,
  `idCalendar` varchar(25) NOT NULL
) ENGINE=InnoDB DEFAULT CHARSET=utf8mb4 COLLATE=utf8mb4_general_ci;

--
-- Đang đổ dữ liệu cho bảng `seat`
--

INSERT INTO `seat` (`id`, `idTicket`, `location`, `idCalendar`) VALUES
(35, 'TICKET_1734443342_907', 'E5', 'CALENDAR_1734023459_948'),
(36, 'TICKET_1734443342_907', 'E6', 'CALENDAR_1734023459_948'),
(37, 'TICKET_1734443778_007', 'D5', 'CALENDAR_1734023459_948'),
(38, 'TICKET_1734443969_529', 'D6', 'CALENDAR_1734023459_948'),
(39, 'TICKET_1734444015_126', 'D4', 'CALENDAR_1734023459_948'),
(40, 'TICKET_1734444015_126', 'E4', 'CALENDAR_1734023459_948'),
(41, 'TICKET_1734444050_943', 'D7', 'CALENDAR_1734023459_948'),
(42, 'TICKET_1734444050_943', 'E7', 'CALENDAR_1734023459_948'),
(43, 'TICKET_1734444671_793', 'D3', 'CALENDAR_1734023459_948'),
(44, 'TICKET_1734444671_793', 'E3', 'CALENDAR_1734023459_948'),
(45, 'TICKET_1734444716_168', 'D8', 'CALENDAR_1734023459_948'),
(46, 'TICKET_1734444716_168', 'E8', 'CALENDAR_1734023459_948'),
(47, 'TICKET_1734444739_933', 'D2', 'CALENDAR_1734023459_948'),
(48, 'TICKET_1734444739_933', 'E2', 'CALENDAR_1734023459_948'),
(49, 'TICKET_1734444792_065', 'B5', 'CALENDAR_1734023459_948'),
(50, 'TICKET_1734444792_065', 'B6', 'CALENDAR_1734023459_948'),
(51, 'TICKET_1734444819_955', 'B4', 'CALENDAR_1734023459_948'),
(52, 'TICKET_1734444819_955', 'C4', 'CALENDAR_1734023459_948'),
(53, 'TICKET_1734444854_663', 'C6', 'CALENDAR_1734023459_948'),
(54, 'TICKET_1734444854_663', 'C7', 'CALENDAR_1734023459_948'),
(55, 'TICKET_1734444891_750', 'A1', 'CALENDAR_1734023459_948'),
(56, 'TICKET_1734444891_750', 'A10', 'CALENDAR_1734023459_948'),
(57, 'TICKET_1734444891_750', 'A2', 'CALENDAR_1734023459_948'),
(58, 'TICKET_1734444891_750', 'A3', 'CALENDAR_1734023459_948'),
(59, 'TICKET_1734444891_750', 'A4', 'CALENDAR_1734023459_948'),
(60, 'TICKET_1734444891_750', 'A5', 'CALENDAR_1734023459_948'),
(61, 'TICKET_1734444891_750', 'A6', 'CALENDAR_1734023459_948'),
(62, 'TICKET_1734444891_750', 'A7', 'CALENDAR_1734023459_948'),
(63, 'TICKET_1734444891_750', 'A8', 'CALENDAR_1734023459_948'),
(64, 'TICKET_1734444891_750', 'A9', 'CALENDAR_1734023459_948'),
(65, 'TICKET_1734444924_164', 'B1', 'CALENDAR_1734023459_948'),
(66, 'TICKET_1734444924_164', 'B2', 'CALENDAR_1734023459_948'),
(67, 'TICKET_1734444924_164', 'B3', 'CALENDAR_1734023459_948'),
(68, 'TICKET_1734444950_642', 'B10', 'CALENDAR_1734023459_948'),
(69, 'TICKET_1734444950_642', 'B7', 'CALENDAR_1734023459_948'),
(70, 'TICKET_1734444950_642', 'B8', 'CALENDAR_1734023459_948'),
(71, 'TICKET_1734444950_642', 'B9', 'CALENDAR_1734023459_948'),
(72, 'TICKET_1734445060_838', 'C1', 'CALENDAR_1734023459_948'),
(73, 'TICKET_1734445060_838', 'C2', 'CALENDAR_1734023459_948'),
(74, 'TICKET_1734445060_838', 'C3', 'CALENDAR_1734023459_948'),
(75, 'TICKET_1734446065_631', 'D5', 'CALENDAR_1734023476_208'),
(76, 'TICKET_1734446065_631', 'D6', 'CALENDAR_1734023476_208'),
(77, 'TICKET_1734446096_770', 'F3', 'CALENDAR_1734023476_208'),
(78, 'TICKET_1734446096_770', 'F4', 'CALENDAR_1734023476_208'),
(79, 'TICKET_1734446119_406', 'A7', 'CALENDAR_1734023476_208'),
(80, 'TICKET_1734446119_406', 'A8', 'CALENDAR_1734023476_208'),
(81, 'TICKET_1734446975_154', 'C7', 'CALENDAR_1734023476_208'),
(82, 'TICKET_1734446975_154', 'D7', 'CALENDAR_1734023476_208'),
(83, 'TICKET_1734447011_666', 'C4', 'CALENDAR_1734023476_208'),
(84, 'TICKET_1734447011_666', 'D4', 'CALENDAR_1734023476_208'),
(85, 'TICKET_1734447039_907', 'E7', 'CALENDAR_1734023476_208'),
(86, 'TICKET_1734447039_907', 'E8', 'CALENDAR_1734023476_208'),
(87, 'TICKET_1734447073_168', 'B5', 'CALENDAR_1734023476_208'),
(88, 'TICKET_1734447073_168', 'B6', 'CALENDAR_1734023476_208'),
(89, 'TICKET_1734447073_168', 'C5', 'CALENDAR_1734023476_208'),
(90, 'TICKET_1734447073_168', 'C6', 'CALENDAR_1734023476_208'),
(91, 'TICKET_1734447115_080', 'E1', 'CALENDAR_1734023476_208'),
(92, 'TICKET_1734447115_080', 'E2', 'CALENDAR_1734023476_208'),
(93, 'TICKET_1734447139_881', 'G6', 'CALENDAR_1734023476_208'),
(94, 'TICKET_1734447139_881', 'G7', 'CALENDAR_1734023476_208'),
(95, 'TICKET_1734447172_825', 'D10', 'CALENDAR_1734023476_208'),
(96, 'TICKET_1734447172_825', 'E10', 'CALENDAR_1734023476_208'),
(97, 'TICKET_1734447240_583', 'C6', 'CALENDAR_1734023519_821'),
(98, 'TICKET_1734447240_583', 'C7', 'CALENDAR_1734023519_821'),
(99, 'TICKET_1734447285_281', 'C4', 'CALENDAR_1734023519_821'),
(100, 'TICKET_1734447285_281', 'C5', 'CALENDAR_1734023519_821'),
(101, 'TICKET_1734447308_199', 'E4', 'CALENDAR_1734023519_821'),
(102, 'TICKET_1734447308_199', 'E5', 'CALENDAR_1734023519_821'),
(103, 'TICKET_1734447342_659', 'D4', 'CALENDAR_1734023519_821'),
(104, 'TICKET_1734447342_659', 'D5', 'CALENDAR_1734023519_821'),
(105, 'TICKET_1734447342_659', 'D6', 'CALENDAR_1734023519_821'),
(106, 'TICKET_1734447342_659', 'D7', 'CALENDAR_1734023519_821'),
(107, 'TICKET_1734447377_759', 'E6', 'CALENDAR_1734023519_821'),
(108, 'TICKET_1734447377_759', 'E7', 'CALENDAR_1734023519_821'),
(109, 'TICKET_1734447440_626', 'B3', 'CALENDAR_1734023519_821'),
(110, 'TICKET_1734447440_626', 'B4', 'CALENDAR_1734023519_821'),
(111, 'TICKET_1734447440_626', 'B5', 'CALENDAR_1734023519_821'),
(112, 'TICKET_1734447440_626', 'B6', 'CALENDAR_1734023519_821'),
(113, 'TICKET_1734447440_626', 'B7', 'CALENDAR_1734023519_821'),
(114, 'TICKET_1734447440_626', 'B8', 'CALENDAR_1734023519_821'),
(115, 'TICKET_1734447440_626', 'C3', 'CALENDAR_1734023519_821'),
(116, 'TICKET_1734447440_626', 'C8', 'CALENDAR_1734023519_821'),
(117, 'TICKET_1734447440_626', 'D3', 'CALENDAR_1734023519_821'),
(118, 'TICKET_1734447440_626', 'D8', 'CALENDAR_1734023519_821'),
(119, 'TICKET_1734447440_626', 'E3', 'CALENDAR_1734023519_821'),
(120, 'TICKET_1734447440_626', 'E8', 'CALENDAR_1734023519_821'),
(121, 'TICKET_1734447440_626', 'F3', 'CALENDAR_1734023519_821'),
(122, 'TICKET_1734447440_626', 'F4', 'CALENDAR_1734023519_821'),
(123, 'TICKET_1734447440_626', 'F5', 'CALENDAR_1734023519_821'),
(124, 'TICKET_1734447440_626', 'F6', 'CALENDAR_1734023519_821'),
(125, 'TICKET_1734447440_626', 'F7', 'CALENDAR_1734023519_821'),
(126, 'TICKET_1734447440_626', 'F8', 'CALENDAR_1734023519_821'),
(127, 'TICKET_1734447510_539', 'H10', 'CALENDAR_1734023519_821'),
(128, 'TICKET_1734447510_539', 'H9', 'CALENDAR_1734023519_821'),
(129, 'TICKET_1734447547_964', 'H1', 'CALENDAR_1734023519_821'),
(130, 'TICKET_1734447547_964', 'H2', 'CALENDAR_1734023519_821'),
(131, 'TICKET_1734447603_536', 'G5', 'CALENDAR_1734023519_821'),
(132, 'TICKET_1734447603_536', 'G6', 'CALENDAR_1734023519_821'),
(133, 'TICKET_1734447637_628', 'A1', 'CALENDAR_1734023519_821'),
(134, 'TICKET_1734447637_628', 'A10', 'CALENDAR_1734023519_821'),
(135, 'TICKET_1734447687_124', 'D5', 'CALENDAR_1734024913_542'),
(136, 'TICKET_1734447687_124', 'D6', 'CALENDAR_1734024913_542'),
(137, 'TICKET_1734447804_684', 'E5', 'CALENDAR_1734024913_542'),
(138, 'TICKET_1734447804_684', 'E6', 'CALENDAR_1734024913_542'),
(139, 'TICKET_1734447836_937', 'C3', 'CALENDAR_1734024913_542'),
(140, 'TICKET_1734447836_937', 'C4', 'CALENDAR_1734024913_542'),
(141, 'TICKET_1734447869_614', 'C5', 'CALENDAR_1734024913_542'),
(142, 'TICKET_1734447869_614', 'C6', 'CALENDAR_1734024913_542'),
(143, 'TICKET_1734447869_614', 'C7', 'CALENDAR_1734024913_542'),
(144, 'TICKET_1734447869_614', 'C8', 'CALENDAR_1734024913_542'),
(145, 'TICKET_1734447903_065', 'D3', 'CALENDAR_1734024913_542'),
(146, 'TICKET_1734447903_065', 'D4', 'CALENDAR_1734024913_542'),
(147, 'TICKET_1734447934_392', 'D7', 'CALENDAR_1734024913_542'),
(148, 'TICKET_1734447934_392', 'D8', 'CALENDAR_1734024913_542'),
(149, 'TICKET_1734447934_392', 'E3', 'CALENDAR_1734024913_542'),
(150, 'TICKET_1734447934_392', 'E4', 'CALENDAR_1734024913_542'),
(151, 'TICKET_1734447934_392', 'E7', 'CALENDAR_1734024913_542'),
(152, 'TICKET_1734447934_392', 'E8', 'CALENDAR_1734024913_542'),
(153, 'TICKET_1734447971_118', 'A3', 'CALENDAR_1734024913_542'),
(154, 'TICKET_1734447971_118', 'A4', 'CALENDAR_1734024913_542'),
(155, 'TICKET_1734447971_118', 'E9', 'CALENDAR_1734024913_542'),
(156, 'TICKET_1734447971_118', 'F3', 'CALENDAR_1734024913_542'),
(157, 'TICKET_1734447971_118', 'F4', 'CALENDAR_1734024913_542'),
(158, 'TICKET_1734447971_118', 'F5', 'CALENDAR_1734024913_542'),
(159, 'TICKET_1734447971_118', 'F6', 'CALENDAR_1734024913_542'),
(160, 'TICKET_1734447971_118', 'F7', 'CALENDAR_1734024913_542'),
(161, 'TICKET_1734447971_118', 'F8', 'CALENDAR_1734024913_542'),
(162, 'TICKET_1734447971_118', 'F9', 'CALENDAR_1734024913_542'),
(163, 'TICKET_1734447971_118', 'G5', 'CALENDAR_1734024913_542'),
(164, 'TICKET_1734447971_118', 'G6', 'CALENDAR_1734024913_542'),
(165, 'TICKET_1734447971_118', 'H2', 'CALENDAR_1734024913_542'),
(166, 'TICKET_1734447971_118', 'H3', 'CALENDAR_1734024913_542'),
(167, 'TICKET_1734447971_118', 'H7', 'CALENDAR_1734024913_542'),
(168, 'TICKET_1734447971_118', 'H8', 'CALENDAR_1734024913_542'),
(169, 'TICKET_1734448000_010', 'C4', 'CALENDAR_1734023958_517'),
(170, 'TICKET_1734448000_010', 'C5', 'CALENDAR_1734023958_517'),
(171, 'TICKET_1734448034_613', 'C6', 'CALENDAR_1734023958_517'),
(172, 'TICKET_1734448034_613', 'C7', 'CALENDAR_1734023958_517'),
(173, 'TICKET_1734448074_048', 'E2', 'CALENDAR_1734023958_517'),
(174, 'TICKET_1734448074_048', 'E3', 'CALENDAR_1734023958_517'),
(175, 'TICKET_1734448074_048', 'E7', 'CALENDAR_1734023958_517'),
(176, 'TICKET_1734448074_048', 'E8', 'CALENDAR_1734023958_517'),
(177, 'TICKET_1734448074_048', 'G2', 'CALENDAR_1734023958_517'),
(178, 'TICKET_1734448074_048', 'G3', 'CALENDAR_1734023958_517'),
(179, 'TICKET_1734448114_823', 'D3', 'CALENDAR_1734023943_965'),
(180, 'TICKET_1734448114_823', 'D4', 'CALENDAR_1734023943_965'),
(181, 'TICKET_1734448134_479', 'C5', 'CALENDAR_1734023943_965'),
(182, 'TICKET_1734448134_479', 'C6', 'CALENDAR_1734023943_965'),
(183, 'TICKET_1734448161_718', 'B7', 'CALENDAR_1734023943_965'),
(184, 'TICKET_1734448161_718', 'B8', 'CALENDAR_1734023943_965'),
(185, 'TICKET_1734448196_505', 'E2', 'CALENDAR_1734023943_965'),
(186, 'TICKET_1734448196_505', 'E3', 'CALENDAR_1734023943_965'),
(187, 'TICKET_1734448196_505', 'E4', 'CALENDAR_1734023943_965'),
(188, 'TICKET_1734448196_505', 'E5', 'CALENDAR_1734023943_965'),
(189, 'TICKET_1734448196_505', 'E6', 'CALENDAR_1734023943_965'),
(190, 'TICKET_1734448196_505', 'E7', 'CALENDAR_1734023943_965'),
(191, 'TICKET_1734448196_505', 'E8', 'CALENDAR_1734023943_965'),
(192, 'TICKET_1734448196_505', 'E9', 'CALENDAR_1734023943_965'),
(193, 'TICKET_1734448221_463', 'G5', 'CALENDAR_1734023943_965'),
(194, 'TICKET_1734448221_463', 'G6', 'CALENDAR_1734023943_965'),
(195, 'TICKET_1734448279_294', 'A4', 'CALENDAR_1734020777_172'),
(196, 'TICKET_1734448279_294', 'A5', 'CALENDAR_1734020777_172'),
(197, 'TICKET_1734448311_431', 'D3', 'CALENDAR_1734020777_172'),
(198, 'TICKET_1734448311_431', 'D4', 'CALENDAR_1734020777_172'),
(199, 'TICKET_1734448380_586', 'F6', 'CALENDAR_1734020777_172'),
(200, 'TICKET_1734448380_586', 'F7', 'CALENDAR_1734020777_172'),
(201, 'TICKET_1734448380_586', 'F8', 'CALENDAR_1734020777_172'),
(202, 'TICKET_1734448380_586', 'G5', 'CALENDAR_1734020777_172'),
(203, 'TICKET_1734448380_586', 'G6', 'CALENDAR_1734020777_172'),
(204, 'TICKET_1734448380_586', 'G7', 'CALENDAR_1734020777_172'),
(205, 'TICKET_1734448380_586', 'G8', 'CALENDAR_1734020777_172'),
(206, 'TICKET_1734448401_404', 'D7', 'CALENDAR_1734020777_172'),
(207, 'TICKET_1734448401_404', 'D8', 'CALENDAR_1734020777_172'),
(208, 'TICKET_1734448419_331', 'F2', 'CALENDAR_1734020777_172'),
(209, 'TICKET_1734448419_331', 'F3', 'CALENDAR_1734020777_172'),
(210, 'TICKET_1734448718_785', 'D4', 'CALENDAR_1734020868_613'),
(211, 'TICKET_1734448718_785', 'D5', 'CALENDAR_1734020868_613'),
(212, 'TICKET_1734448742_437', 'C6', 'CALENDAR_1734020868_613'),
(213, 'TICKET_1734448742_437', 'C7', 'CALENDAR_1734020868_613'),
(214, 'TICKET_1734448780_565', 'E4', 'CALENDAR_1734020868_613'),
(215, 'TICKET_1734448780_565', 'E5', 'CALENDAR_1734020868_613'),
(216, 'TICKET_1734448780_565', 'E6', 'CALENDAR_1734020868_613'),
(217, 'TICKET_1734448780_565', 'E7', 'CALENDAR_1734020868_613'),
(218, 'TICKET_1734448809_660', 'B4', 'CALENDAR_1734020868_613'),
(219, 'TICKET_1734448809_660', 'B5', 'CALENDAR_1734020868_613'),
(220, 'TICKET_1734448809_660', 'B6', 'CALENDAR_1734020868_613'),
(221, 'TICKET_1734448809_660', 'B7', 'CALENDAR_1734020868_613'),
(222, 'TICKET_1734448836_644', 'F3', 'CALENDAR_1734020868_613'),
(223, 'TICKET_1734448836_644', 'F4', 'CALENDAR_1734020868_613'),
(224, 'TICKET_1734448915_807', 'C6', 'CALENDAR_1734020845_985'),
(225, 'TICKET_1734448915_807', 'C7', 'CALENDAR_1734020845_985'),
(226, 'TICKET_1734448915_807', 'E3', 'CALENDAR_1734020845_985'),
(227, 'TICKET_1734448915_807', 'E4', 'CALENDAR_1734020845_985'),
(228, 'TICKET_1734448956_103', 'D4', 'CALENDAR_1734020845_985'),
(229, 'TICKET_1734448956_103', 'D5', 'CALENDAR_1734020845_985'),
(230, 'TICKET_1734448956_103', 'D6', 'CALENDAR_1734020845_985'),
(231, 'TICKET_1734448956_103', 'D7', 'CALENDAR_1734020845_985'),
(232, 'TICKET_1734448990_708', 'F4', 'CALENDAR_1734020845_985'),
(233, 'TICKET_1734448990_708', 'F5', 'CALENDAR_1734020845_985'),
(234, 'TICKET_1734448990_708', 'F6', 'CALENDAR_1734020845_985'),
(235, 'TICKET_1734448990_708', 'F7', 'CALENDAR_1734020845_985'),
(236, 'TICKET_1734449027_459', 'E6', 'CALENDAR_1734020845_985'),
(237, 'TICKET_1734449027_459', 'E7', 'CALENDAR_1734020845_985'),
(238, 'TICKET_1734449027_459', 'E8', 'CALENDAR_1734020845_985'),
(239, 'TICKET_1734449027_459', 'E9', 'CALENDAR_1734020845_985'),
(240, 'TICKET_1734449054_523', 'B3', 'CALENDAR_1734020845_985'),
(241, 'TICKET_1734449054_523', 'B4', 'CALENDAR_1734020845_985'),
(242, 'TICKET_1734449054_523', 'B5', 'CALENDAR_1734020845_985'),
(243, 'TICKET_1734449054_523', 'B6', 'CALENDAR_1734020845_985'),
(244, 'TICKET_1734449119_462', 'D4', 'CALENDAR_1734021159_214'),
(245, 'TICKET_1734449119_462', 'D5', 'CALENDAR_1734021159_214'),
(246, 'TICKET_1734449119_462', 'D6', 'CALENDAR_1734021159_214'),
(247, 'TICKET_1734449119_462', 'D7', 'CALENDAR_1734021159_214'),
(248, 'TICKET_1734449142_505', 'C4', 'CALENDAR_1734021159_214'),
(249, 'TICKET_1734449142_505', 'C5', 'CALENDAR_1734021159_214'),
(250, 'TICKET_1734449164_341', 'C6', 'CALENDAR_1734021159_214'),
(251, 'TICKET_1734449164_341', 'C7', 'CALENDAR_1734021159_214'),
(252, 'TICKET_1734449197_844', 'F1', 'CALENDAR_1734021159_214'),
(253, 'TICKET_1734449197_844', 'F2', 'CALENDAR_1734021159_214'),
(254, 'TICKET_1734449197_844', 'G1', 'CALENDAR_1734021159_214'),
(255, 'TICKET_1734449197_844', 'G2', 'CALENDAR_1734021159_214'),
(256, 'TICKET_1734449255_860', 'F5', 'CALENDAR_1734021159_214'),
(257, 'TICKET_1734449255_860', 'F6', 'CALENDAR_1734021159_214'),
(258, 'TICKET_1734449255_860', 'F7', 'CALENDAR_1734021159_214'),
(259, 'TICKET_1734449255_860', 'F8', 'CALENDAR_1734021159_214'),
(260, 'TICKET_1734449311_861', 'F1', 'CALENDAR_1734021338_857'),
(261, 'TICKET_1734449311_861', 'F2', 'CALENDAR_1734021338_857'),
(262, 'TICKET_1734449311_861', 'F3', 'CALENDAR_1734021338_857'),
(263, 'TICKET_1734449311_861', 'G2', 'CALENDAR_1734021338_857'),
(264, 'TICKET_1734449342_066', 'D7', 'CALENDAR_1734021338_857'),
(265, 'TICKET_1734449342_066', 'D8', 'CALENDAR_1734021338_857'),
(266, 'TICKET_1734449385_828', 'E4', 'CALENDAR_1734021338_857'),
(267, 'TICKET_1734449385_828', 'E5', 'CALENDAR_1734021338_857'),
(268, 'TICKET_1734449407_155', 'A8', 'CALENDAR_1734021338_857'),
(269, 'TICKET_1734449407_155', 'A9', 'CALENDAR_1734021338_857'),
(270, 'TICKET_1734449407_155', 'B8', 'CALENDAR_1734021338_857'),
(271, 'TICKET_1734449407_155', 'B9', 'CALENDAR_1734021338_857'),
(272, 'TICKET_1734449466_544', 'B3', 'CALENDAR_1734021338_857'),
(273, 'TICKET_1734449466_544', 'B4', 'CALENDAR_1734021338_857'),
(274, 'TICKET_1734449466_544', 'B5', 'CALENDAR_1734021338_857'),
(275, 'TICKET_1734449466_544', 'C3', 'CALENDAR_1734021338_857'),
(276, 'TICKET_1734449466_544', 'C4', 'CALENDAR_1734021338_857'),
(277, 'TICKET_1734449466_544', 'C5', 'CALENDAR_1734021338_857'),
(278, 'TICKET_1734449566_549', 'C1', 'CALENDAR_1734023268_048'),
(279, 'TICKET_1734449566_549', 'C2', 'CALENDAR_1734023268_048'),
(280, 'TICKET_1734449566_549', 'D1', 'CALENDAR_1734023268_048'),
(281, 'TICKET_1734449566_549', 'E1', 'CALENDAR_1734023268_048'),
(282, 'TICKET_1734449566_549', 'F1', 'CALENDAR_1734023268_048'),
(283, 'TICKET_1734449566_549', 'F2', 'CALENDAR_1734023268_048'),
(284, 'TICKET_1734449612_583', 'C10', 'CALENDAR_1734023268_048'),
(285, 'TICKET_1734449612_583', 'C4', 'CALENDAR_1734023268_048'),
(286, 'TICKET_1734449612_583', 'C5', 'CALENDAR_1734023268_048'),
(287, 'TICKET_1734449612_583', 'C9', 'CALENDAR_1734023268_048'),
(288, 'TICKET_1734449612_583', 'D10', 'CALENDAR_1734023268_048'),
(289, 'TICKET_1734449612_583', 'D4', 'CALENDAR_1734023268_048'),
(290, 'TICKET_1734449612_583', 'D5', 'CALENDAR_1734023268_048'),
(291, 'TICKET_1734449612_583', 'D6', 'CALENDAR_1734023268_048'),
(292, 'TICKET_1734449612_583', 'D7', 'CALENDAR_1734023268_048'),
(293, 'TICKET_1734449612_583', 'E10', 'CALENDAR_1734023268_048'),
(294, 'TICKET_1734449612_583', 'E4', 'CALENDAR_1734023268_048'),
(295, 'TICKET_1734449612_583', 'E5', 'CALENDAR_1734023268_048'),
(296, 'TICKET_1734449612_583', 'E6', 'CALENDAR_1734023268_048'),
(297, 'TICKET_1734449612_583', 'F10', 'CALENDAR_1734023268_048'),
(298, 'TICKET_1734449612_583', 'F5', 'CALENDAR_1734023268_048'),
(299, 'TICKET_1734449612_583', 'F9', 'CALENDAR_1734023268_048'),
(300, 'TICKET_1734449639_635', 'A4', 'CALENDAR_1734023268_048'),
(301, 'TICKET_1734449639_635', 'A5', 'CALENDAR_1734023268_048'),
(302, 'TICKET_1734449639_635', 'G7', 'CALENDAR_1734023268_048'),
(303, 'TICKET_1734449639_635', 'G8', 'CALENDAR_1734023268_048'),
(304, 'TICKET_1734449639_635', 'H2', 'CALENDAR_1734023268_048'),
(305, 'TICKET_1734449639_635', 'H3', 'CALENDAR_1734023268_048'),
(306, 'TICKET_1734449667_491', 'B2', 'CALENDAR_1734023268_048'),
(307, 'TICKET_1734449667_491', 'B3', 'CALENDAR_1734023268_048'),
(308, 'TICKET_1734449701_863', 'B6', 'CALENDAR_1734023232_890'),
(309, 'TICKET_1734449701_863', 'B7', 'CALENDAR_1734023232_890'),
(310, 'TICKET_1734449701_863', 'B8', 'CALENDAR_1734023232_890'),
(311, 'TICKET_1734449701_863', 'B9', 'CALENDAR_1734023232_890'),
(312, 'TICKET_1734449746_764', 'D3', 'CALENDAR_1734023232_890'),
(313, 'TICKET_1734449746_764', 'D4', 'CALENDAR_1734023232_890'),
(314, 'TICKET_1734449746_764', 'E3', 'CALENDAR_1734023232_890'),
(315, 'TICKET_1734449746_764', 'E4', 'CALENDAR_1734023232_890'),
(316, 'TICKET_1734449787_596', 'A8', 'CALENDAR_1734023232_890'),
(317, 'TICKET_1734449787_596', 'A9', 'CALENDAR_1734023232_890'),
(318, 'TICKET_1734449787_596', 'B1', 'CALENDAR_1734023232_890'),
(319, 'TICKET_1734449787_596', 'B2', 'CALENDAR_1734023232_890'),
(320, 'TICKET_1734449787_596', 'D7', 'CALENDAR_1734023232_890'),
(321, 'TICKET_1734449787_596', 'D8', 'CALENDAR_1734023232_890'),
(322, 'TICKET_1734449787_596', 'G3', 'CALENDAR_1734023232_890'),
(323, 'TICKET_1734449787_596', 'G4', 'CALENDAR_1734023232_890'),
(324, 'TICKET_1734449810_966', 'E6', 'CALENDAR_1734023232_890'),
(325, 'TICKET_1734449810_966', 'E7', 'CALENDAR_1734023232_890'),
(326, 'TICKET_1734449944_258', 'B4', 'CALENDAR_1734020892_551'),
(327, 'TICKET_1734449944_258', 'B5', 'CALENDAR_1734020892_551'),
(328, 'TICKET_1734449973_641', 'A1', 'CALENDAR_1734020892_551'),
(329, 'TICKET_1734449973_641', 'A2', 'CALENDAR_1734020892_551'),
(330, 'TICKET_1734449973_641', 'A3', 'CALENDAR_1734020892_551'),
(331, 'TICKET_1734449973_641', 'A4', 'CALENDAR_1734020892_551'),
(332, 'TICKET_1734450000_588', 'D6', 'CALENDAR_1734020892_551'),
(333, 'TICKET_1734450000_588', 'D7', 'CALENDAR_1734020892_551'),
(334, 'TICKET_1734450000_588', 'D8', 'CALENDAR_1734020892_551'),
(335, 'TICKET_1734450034_536', 'E1', 'CALENDAR_1734020892_551'),
(336, 'TICKET_1734450034_536', 'E2', 'CALENDAR_1734020892_551'),
(337, 'TICKET_1734450034_536', 'E3', 'CALENDAR_1734020892_551'),
(338, 'TICKET_1734450034_536', 'E4', 'CALENDAR_1734020892_551'),
(339, 'TICKET_1734450074_911', 'F6', 'CALENDAR_1734020892_551'),
(340, 'TICKET_1734450074_911', 'F7', 'CALENDAR_1734020892_551'),
(341, 'TICKET_1734450074_911', 'F8', 'CALENDAR_1734020892_551'),
(342, 'TICKET_1734450074_911', 'F9', 'CALENDAR_1734020892_551'),
(343, 'TICKET_1734450100_292', 'F2', 'CALENDAR_1734020892_551'),
(344, 'TICKET_1734450100_292', 'F3', 'CALENDAR_1734020892_551'),
(345, 'TICKET_1734450123_515', 'A10', 'CALENDAR_1734020892_551'),
(346, 'TICKET_1734450123_515', 'A8', 'CALENDAR_1734020892_551'),
(347, 'TICKET_1734450123_515', 'A9', 'CALENDAR_1734020892_551'),
(348, 'TICKET_1734450123_515', 'B10', 'CALENDAR_1734020892_551'),
(349, 'TICKET_1734450123_515', 'B8', 'CALENDAR_1734020892_551'),
(350, 'TICKET_1734450123_515', 'B9', 'CALENDAR_1734020892_551'),
(351, 'TICKET_1734450153_164', 'D2', 'CALENDAR_1734020892_551'),
(352, 'TICKET_1734450153_164', 'D3', 'CALENDAR_1734020892_551'),
(353, 'TICKET_1734450153_164', 'H3', 'CALENDAR_1734020892_551'),
(354, 'TICKET_1734450153_164', 'H4', 'CALENDAR_1734020892_551'),
(355, 'TICKET_1734450177_425', 'C7', 'CALENDAR_1734020892_551'),
(356, 'TICKET_1734450177_425', 'C8', 'CALENDAR_1734020892_551'),
(357, 'TICKET_1734450214_242', 'C10', 'CALENDAR_1734020892_551'),
(358, 'TICKET_1734450214_242', 'C9', 'CALENDAR_1734020892_551'),
(359, 'TICKET_1734450339_931', 'D4', 'CALENDAR_1734021604_913'),
(360, 'TICKET_1734450339_931', 'D5', 'CALENDAR_1734021604_913'),
(361, 'TICKET_1734450369_821', 'E5', 'CALENDAR_1734021604_913'),
(362, 'TICKET_1734450369_821', 'E6', 'CALENDAR_1734021604_913'),
(363, 'TICKET_1734450369_821', 'E7', 'CALENDAR_1734021604_913'),
(364, 'TICKET_1734450369_821', 'F5', 'CALENDAR_1734021604_913'),
(365, 'TICKET_1734450369_821', 'F6', 'CALENDAR_1734021604_913'),
(366, 'TICKET_1734450369_821', 'F7', 'CALENDAR_1734021604_913'),
(367, 'TICKET_1734450369_821', 'F8', 'CALENDAR_1734021604_913'),
(368, 'TICKET_1734450392_670', 'B6', 'CALENDAR_1734021604_913'),
(369, 'TICKET_1734450392_670', 'B7', 'CALENDAR_1734021604_913'),
(370, 'TICKET_1734450415_176', 'C8', 'CALENDAR_1734021604_913'),
(371, 'TICKET_1734450415_176', 'C9', 'CALENDAR_1734021604_913'),
(372, 'TICKET_1734450434_856', 'G2', 'CALENDAR_1734021604_913'),
(373, 'TICKET_1734450434_856', 'G3', 'CALENDAR_1734021604_913'),
(374, 'TICKET_1734450479_368', 'D5', 'CALENDAR_1734023881_654'),
(375, 'TICKET_1734450479_368', 'D6', 'CALENDAR_1734023881_654'),
(376, 'TICKET_1734450479_368', 'E4', 'CALENDAR_1734023881_654'),
(377, 'TICKET_1734450479_368', 'E7', 'CALENDAR_1734023881_654'),
(378, 'TICKET_1734450501_362', 'F5', 'CALENDAR_1734023881_654'),
(379, 'TICKET_1734450501_362', 'F6', 'CALENDAR_1734023881_654'),
(380, 'TICKET_1734450501_362', 'G5', 'CALENDAR_1734023881_654'),
(381, 'TICKET_1734450501_362', 'G6', 'CALENDAR_1734023881_654'),
(382, 'TICKET_1734450501_362', 'H5', 'CALENDAR_1734023881_654'),
(383, 'TICKET_1734450501_362', 'H6', 'CALENDAR_1734023881_654'),
(384, 'TICKET_1734450526_090', 'B2', 'CALENDAR_1734023881_654'),
(385, 'TICKET_1734450526_090', 'B9', 'CALENDAR_1734023881_654'),
(386, 'TICKET_1734450526_090', 'C3', 'CALENDAR_1734023881_654'),
(387, 'TICKET_1734450526_090', 'C7', 'CALENDAR_1734023881_654'),
(388, 'TICKET_1734450555_205', 'G2', 'CALENDAR_1734023881_654'),
(389, 'TICKET_1734450555_205', 'G9', 'CALENDAR_1734023881_654'),
(390, 'TICKET_1734450583_593', 'B5', 'CALENDAR_1734023881_654'),
(391, 'TICKET_1734450583_593', 'B6', 'CALENDAR_1734023881_654'),
(392, 'TICKET_1734450713_511', 'A1', 'CALENDAR_1734024368_021'),
(393, 'TICKET_1734450713_511', 'A10', 'CALENDAR_1734024368_021'),
(394, 'TICKET_1734450713_511', 'A2', 'CALENDAR_1734024368_021'),
(395, 'TICKET_1734450713_511', 'A3', 'CALENDAR_1734024368_021'),
(396, 'TICKET_1734450713_511', 'A4', 'CALENDAR_1734024368_021'),
(397, 'TICKET_1734450713_511', 'A5', 'CALENDAR_1734024368_021'),
(398, 'TICKET_1734450713_511', 'A6', 'CALENDAR_1734024368_021'),
(399, 'TICKET_1734450713_511', 'A7', 'CALENDAR_1734024368_021'),
(400, 'TICKET_1734450713_511', 'A8', 'CALENDAR_1734024368_021'),
(401, 'TICKET_1734450713_511', 'A9', 'CALENDAR_1734024368_021'),
(402, 'TICKET_1734450713_511', 'B1', 'CALENDAR_1734024368_021'),
(403, 'TICKET_1734450713_511', 'B10', 'CALENDAR_1734024368_021'),
(404, 'TICKET_1734450713_511', 'B2', 'CALENDAR_1734024368_021'),
(405, 'TICKET_1734450713_511', 'B3', 'CALENDAR_1734024368_021'),
(406, 'TICKET_1734450713_511', 'B4', 'CALENDAR_1734024368_021'),
(407, 'TICKET_1734450713_511', 'B5', 'CALENDAR_1734024368_021'),
(408, 'TICKET_1734450713_511', 'B6', 'CALENDAR_1734024368_021'),
(409, 'TICKET_1734450713_511', 'B7', 'CALENDAR_1734024368_021'),
(410, 'TICKET_1734450713_511', 'B8', 'CALENDAR_1734024368_021'),
(411, 'TICKET_1734450713_511', 'B9', 'CALENDAR_1734024368_021'),
(412, 'TICKET_1734450713_511', 'C1', 'CALENDAR_1734024368_021'),
(413, 'TICKET_1734450713_511', 'C10', 'CALENDAR_1734024368_021'),
(414, 'TICKET_1734450713_511', 'C2', 'CALENDAR_1734024368_021'),
(415, 'TICKET_1734450713_511', 'C3', 'CALENDAR_1734024368_021'),
(416, 'TICKET_1734450713_511', 'C4', 'CALENDAR_1734024368_021'),
(417, 'TICKET_1734450713_511', 'C5', 'CALENDAR_1734024368_021'),
(418, 'TICKET_1734450713_511', 'C6', 'CALENDAR_1734024368_021'),
(419, 'TICKET_1734450713_511', 'C7', 'CALENDAR_1734024368_021'),
(420, 'TICKET_1734450713_511', 'C8', 'CALENDAR_1734024368_021'),
(421, 'TICKET_1734450713_511', 'C9', 'CALENDAR_1734024368_021'),
(422, 'TICKET_1734450713_511', 'D1', 'CALENDAR_1734024368_021'),
(423, 'TICKET_1734450713_511', 'D10', 'CALENDAR_1734024368_021'),
(424, 'TICKET_1734450713_511', 'D2', 'CALENDAR_1734024368_021'),
(425, 'TICKET_1734450713_511', 'D3', 'CALENDAR_1734024368_021'),
(426, 'TICKET_1734450713_511', 'D4', 'CALENDAR_1734024368_021'),
(427, 'TICKET_1734450713_511', 'D5', 'CALENDAR_1734024368_021'),
(428, 'TICKET_1734450713_511', 'D6', 'CALENDAR_1734024368_021'),
(429, 'TICKET_1734450713_511', 'D7', 'CALENDAR_1734024368_021'),
(430, 'TICKET_1734450713_511', 'D8', 'CALENDAR_1734024368_021'),
(431, 'TICKET_1734450713_511', 'D9', 'CALENDAR_1734024368_021'),
(432, 'TICKET_1734450713_511', 'E1', 'CALENDAR_1734024368_021'),
(433, 'TICKET_1734450713_511', 'E10', 'CALENDAR_1734024368_021'),
(434, 'TICKET_1734450713_511', 'E2', 'CALENDAR_1734024368_021'),
(435, 'TICKET_1734450713_511', 'E3', 'CALENDAR_1734024368_021'),
(436, 'TICKET_1734450713_511', 'E4', 'CALENDAR_1734024368_021'),
(437, 'TICKET_1734450713_511', 'E5', 'CALENDAR_1734024368_021'),
(438, 'TICKET_1734450713_511', 'E6', 'CALENDAR_1734024368_021'),
(439, 'TICKET_1734450713_511', 'E7', 'CALENDAR_1734024368_021'),
(440, 'TICKET_1734450713_511', 'E8', 'CALENDAR_1734024368_021'),
(441, 'TICKET_1734450713_511', 'E9', 'CALENDAR_1734024368_021'),
(442, 'TICKET_1734450713_511', 'F1', 'CALENDAR_1734024368_021'),
(443, 'TICKET_1734450713_511', 'F10', 'CALENDAR_1734024368_021'),
(444, 'TICKET_1734450713_511', 'F2', 'CALENDAR_1734024368_021'),
(445, 'TICKET_1734450713_511', 'F3', 'CALENDAR_1734024368_021'),
(446, 'TICKET_1734450713_511', 'F4', 'CALENDAR_1734024368_021'),
(447, 'TICKET_1734450713_511', 'F5', 'CALENDAR_1734024368_021'),
(448, 'TICKET_1734450713_511', 'F6', 'CALENDAR_1734024368_021'),
(449, 'TICKET_1734450713_511', 'F7', 'CALENDAR_1734024368_021'),
(450, 'TICKET_1734450713_511', 'F8', 'CALENDAR_1734024368_021'),
(451, 'TICKET_1734450713_511', 'F9', 'CALENDAR_1734024368_021'),
(452, 'TICKET_1734450713_511', 'G1', 'CALENDAR_1734024368_021'),
(453, 'TICKET_1734450713_511', 'G10', 'CALENDAR_1734024368_021'),
(454, 'TICKET_1734450713_511', 'G2', 'CALENDAR_1734024368_021'),
(455, 'TICKET_1734450713_511', 'G3', 'CALENDAR_1734024368_021'),
(456, 'TICKET_1734450713_511', 'G4', 'CALENDAR_1734024368_021'),
(457, 'TICKET_1734450713_511', 'G5', 'CALENDAR_1734024368_021'),
(458, 'TICKET_1734450713_511', 'G6', 'CALENDAR_1734024368_021'),
(459, 'TICKET_1734450713_511', 'G7', 'CALENDAR_1734024368_021'),
(460, 'TICKET_1734450713_511', 'G8', 'CALENDAR_1734024368_021'),
(461, 'TICKET_1734450713_511', 'G9', 'CALENDAR_1734024368_021'),
(462, 'TICKET_1734450713_511', 'H1', 'CALENDAR_1734024368_021'),
(463, 'TICKET_1734450713_511', 'H10', 'CALENDAR_1734024368_021'),
(464, 'TICKET_1734450713_511', 'H2', 'CALENDAR_1734024368_021'),
(465, 'TICKET_1734450713_511', 'H3', 'CALENDAR_1734024368_021'),
(466, 'TICKET_1734450713_511', 'H4', 'CALENDAR_1734024368_021'),
(467, 'TICKET_1734450713_511', 'H5', 'CALENDAR_1734024368_021'),
(468, 'TICKET_1734450713_511', 'H6', 'CALENDAR_1734024368_021'),
(469, 'TICKET_1734450713_511', 'H7', 'CALENDAR_1734024368_021'),
(470, 'TICKET_1734450713_511', 'H8', 'CALENDAR_1734024368_021'),
(471, 'TICKET_1734450713_511', 'H9', 'CALENDAR_1734024368_021'),
(472, 'TICKET_1735127675_282', 'A5', 'CALENDAR_1735123064_600'),
(473, 'TICKET_1735127675_282', 'C3', 'CALENDAR_1735123064_600'),
(474, 'TICKET_1735127675_282', 'C6', 'CALENDAR_1735123064_600'),
(475, 'TICKET_1735127675_282', 'C8', 'CALENDAR_1735123064_600'),
(476, 'TICKET_1735127675_282', 'D1', 'CALENDAR_1735123064_600'),
(477, 'TICKET_1735127675_282', 'E10', 'CALENDAR_1735123064_600'),
(478, 'TICKET_1735127675_282', 'E3', 'CALENDAR_1735123064_600'),
(479, 'TICKET_1735127675_282', 'E8', 'CALENDAR_1735123064_600'),
(480, 'TICKET_1735127675_282', 'F5', 'CALENDAR_1735123064_600'),
(481, 'TICKET_1735127675_282', 'G2', 'CALENDAR_1735123064_600'),
(482, 'TICKET_1735127675_282', 'G8', 'CALENDAR_1735123064_600'),
(483, 'TICKET_1735127733_940', 'A9', 'CALENDAR_1735123064_600'),
(484, 'TICKET_1735127733_940', 'B2', 'CALENDAR_1735123064_600'),
(485, 'TICKET_1735127733_940', 'B5', 'CALENDAR_1735123064_600'),
(486, 'TICKET_1735127733_940', 'B7', 'CALENDAR_1735123064_600'),
(487, 'TICKET_1735127733_940', 'D4', 'CALENDAR_1735123064_600'),
(488, 'TICKET_1735127733_940', 'D7', 'CALENDAR_1735123064_600'),
(489, 'TICKET_1735127733_940', 'E5', 'CALENDAR_1735123064_600'),
(490, 'TICKET_1735127733_940', 'F2', 'CALENDAR_1735123064_600'),
(491, 'TICKET_1735127733_940', 'F7', 'CALENDAR_1735123064_600'),
(492, 'TICKET_1735127733_940', 'H4', 'CALENDAR_1735123064_600'),
(493, 'TICKET_1735127767_858', 'B2', 'CALENDAR_1735122234_533'),
(494, 'TICKET_1735127767_858', 'B4', 'CALENDAR_1735122234_533'),
(495, 'TICKET_1735127767_858', 'D3', 'CALENDAR_1735122234_533'),
(496, 'TICKET_1735127767_858', 'D6', 'CALENDAR_1735122234_533'),
(497, 'TICKET_1735127767_858', 'F4', 'CALENDAR_1735122234_533'),
(498, 'TICKET_1735127767_858', 'F5', 'CALENDAR_1735122234_533'),
(499, 'TICKET_1735127817_944', 'A5', 'CALENDAR_1735122234_533'),
(500, 'TICKET_1735127817_944', 'B8', 'CALENDAR_1735122234_533'),
(501, 'TICKET_1735127817_944', 'C5', 'CALENDAR_1735122234_533'),
(502, 'TICKET_1735127817_944', 'C9', 'CALENDAR_1735122234_533'),
(503, 'TICKET_1735127817_944', 'D8', 'CALENDAR_1735122234_533'),
(504, 'TICKET_1735127817_944', 'E10', 'CALENDAR_1735122234_533'),
(505, 'TICKET_1735127817_944', 'E2', 'CALENDAR_1735122234_533'),
(506, 'TICKET_1735127817_944', 'E7', 'CALENDAR_1735122234_533'),
(507, 'TICKET_1735127817_944', 'G3', 'CALENDAR_1735122234_533'),
(508, 'TICKET_1735127817_944', 'G4', 'CALENDAR_1735122234_533'),
(509, 'TICKET_1735127817_944', 'G7', 'CALENDAR_1735122234_533'),
(510, 'TICKET_1735127817_944', 'H2', 'CALENDAR_1735122234_533'),
(511, 'TICKET_1735127817_944', 'H4', 'CALENDAR_1735122234_533'),
(512, 'TICKET_1735127817_944', 'H9', 'CALENDAR_1735122234_533'),
(513, 'TICKET_1735127889_908', 'B10', 'CALENDAR_1735122656_398'),
(514, 'TICKET_1735127889_908', 'B3', 'CALENDAR_1735122656_398'),
(515, 'TICKET_1735127889_908', 'B7', 'CALENDAR_1735122656_398'),
(516, 'TICKET_1735127889_908', 'C5', 'CALENDAR_1735122656_398'),
(517, 'TICKET_1735127889_908', 'D10', 'CALENDAR_1735122656_398'),
(518, 'TICKET_1735127889_908', 'E3', 'CALENDAR_1735122656_398'),
(519, 'TICKET_1735127889_908', 'F6', 'CALENDAR_1735122656_398'),
(520, 'TICKET_1735127889_908', 'F8', 'CALENDAR_1735122656_398'),
(521, 'TICKET_1735127889_908', 'G3', 'CALENDAR_1735122656_398'),
(522, 'TICKET_1735127930_235', 'A4', 'CALENDAR_1735122656_398'),
(523, 'TICKET_1735127930_235', 'A5', 'CALENDAR_1735122656_398'),
(524, 'TICKET_1735127930_235', 'B1', 'CALENDAR_1735122656_398'),
(525, 'TICKET_1735127930_235', 'C3', 'CALENDAR_1735122656_398'),
(526, 'TICKET_1735127930_235', 'C9', 'CALENDAR_1735122656_398'),
(527, 'TICKET_1735127930_235', 'D1', 'CALENDAR_1735122656_398'),
(528, 'TICKET_1735127930_235', 'D6', 'CALENDAR_1735122656_398'),
(529, 'TICKET_1735127930_235', 'F2', 'CALENDAR_1735122656_398'),
(530, 'TICKET_1735127930_235', 'H2', 'CALENDAR_1735122656_398'),
(531, 'TICKET_1735127930_235', 'H5', 'CALENDAR_1735122656_398'),
(532, 'TICKET_1735127930_235', 'H7', 'CALENDAR_1735122656_398'),
(533, 'TICKET_1735127998_107', 'A2', 'CALENDAR_1735122246_324'),
(534, 'TICKET_1735127998_107', 'A4', 'CALENDAR_1735122246_324'),
(535, 'TICKET_1735127998_107', 'A6', 'CALENDAR_1735122246_324'),
(536, 'TICKET_1735127998_107', 'A8', 'CALENDAR_1735122246_324'),
(537, 'TICKET_1735127998_107', 'B3', 'CALENDAR_1735122246_324'),
(538, 'TICKET_1735127998_107', 'B5', 'CALENDAR_1735122246_324'),
(539, 'TICKET_1735127998_107', 'B7', 'CALENDAR_1735122246_324'),
(540, 'TICKET_1735127998_107', 'B9', 'CALENDAR_1735122246_324'),
(541, 'TICKET_1735127998_107', 'G1', 'CALENDAR_1735122246_324'),
(542, 'TICKET_1735127998_107', 'G3', 'CALENDAR_1735122246_324'),
(543, 'TICKET_1735127998_107', 'G5', 'CALENDAR_1735122246_324'),
(544, 'TICKET_1735127998_107', 'G7', 'CALENDAR_1735122246_324'),
(545, 'TICKET_1735127998_107', 'G9', 'CALENDAR_1735122246_324'),
(546, 'TICKET_1735127998_107', 'H10', 'CALENDAR_1735122246_324'),
(547, 'TICKET_1735127998_107', 'H2', 'CALENDAR_1735122246_324'),
(548, 'TICKET_1735127998_107', 'H4', 'CALENDAR_1735122246_324'),
(549, 'TICKET_1735127998_107', 'H6', 'CALENDAR_1735122246_324'),
(550, 'TICKET_1735127998_107', 'H8', 'CALENDAR_1735122246_324'),
(551, 'TICKET_1735128052_165', 'C1', 'CALENDAR_1735122246_324'),
(552, 'TICKET_1735128052_165', 'C2', 'CALENDAR_1735122246_324'),
(553, 'TICKET_1735128052_165', 'D6', 'CALENDAR_1735122246_324'),
(554, 'TICKET_1735128052_165', 'D7', 'CALENDAR_1735122246_324'),
(555, 'TICKET_1735128052_165', 'E2', 'CALENDAR_1735122246_324'),
(556, 'TICKET_1735128052_165', 'E3', 'CALENDAR_1735122246_324'),
(557, 'TICKET_1735128052_165', 'F10', 'CALENDAR_1735122246_324'),
(558, 'TICKET_1735128052_165', 'F9', 'CALENDAR_1735122246_324'),
(559, 'TICKET_1735128113_875', 'A1', 'CALENDAR_1735122192_165'),
(560, 'TICKET_1735128113_875', 'A4', 'CALENDAR_1735122192_165'),
(561, 'TICKET_1735128113_875', 'A5', 'CALENDAR_1735122192_165'),
(562, 'TICKET_1735128113_875', 'A6', 'CALENDAR_1735122192_165'),
(563, 'TICKET_1735128113_875', 'A8', 'CALENDAR_1735122192_165'),
(564, 'TICKET_1735128113_875', 'B1', 'CALENDAR_1735122192_165'),
(565, 'TICKET_1735128113_875', 'B4', 'CALENDAR_1735122192_165'),
(566, 'TICKET_1735128113_875', 'B6', 'CALENDAR_1735122192_165'),
(567, 'TICKET_1735128113_875', 'B8', 'CALENDAR_1735122192_165'),
(568, 'TICKET_1735128113_875', 'C1', 'CALENDAR_1735122192_165'),
(569, 'TICKET_1735128113_875', 'C10', 'CALENDAR_1735122192_165'),
(570, 'TICKET_1735128113_875', 'C2', 'CALENDAR_1735122192_165'),
(571, 'TICKET_1735128113_875', 'C4', 'CALENDAR_1735122192_165'),
(572, 'TICKET_1735128113_875', 'C5', 'CALENDAR_1735122192_165'),
(573, 'TICKET_1735128113_875', 'C6', 'CALENDAR_1735122192_165'),
(574, 'TICKET_1735128113_875', 'C8', 'CALENDAR_1735122192_165'),
(575, 'TICKET_1735128113_875', 'C9', 'CALENDAR_1735122192_165'),
(576, 'TICKET_1735128142_315', 'E3', 'CALENDAR_1735122192_165'),
(577, 'TICKET_1735128142_315', 'E4', 'CALENDAR_1735122192_165'),
(578, 'TICKET_1735128142_315', 'E6', 'CALENDAR_1735122192_165'),
(579, 'TICKET_1735128142_315', 'E9', 'CALENDAR_1735122192_165'),
(580, 'TICKET_1735128142_315', 'F1', 'CALENDAR_1735122192_165'),
(581, 'TICKET_1735128142_315', 'F10', 'CALENDAR_1735122192_165'),
(582, 'TICKET_1735128142_315', 'G2', 'CALENDAR_1735122192_165'),
(583, 'TICKET_1735128142_315', 'G4', 'CALENDAR_1735122192_165'),
(584, 'TICKET_1735128142_315', 'G6', 'CALENDAR_1735122192_165'),
(585, 'TICKET_1735128142_315', 'H2', 'CALENDAR_1735122192_165'),
(586, 'TICKET_1735128142_315', 'H7', 'CALENDAR_1735122192_165'),
(587, 'TICKET_1735128142_315', 'H9', 'CALENDAR_1735122192_165'),
(588, 'TICKET_1735128216_444', 'A1', 'CALENDAR_1735122694_280'),
(589, 'TICKET_1735128216_444', 'A8', 'CALENDAR_1735122694_280'),
(590, 'TICKET_1735128216_444', 'B2', 'CALENDAR_1735122694_280'),
(591, 'TICKET_1735128216_444', 'B7', 'CALENDAR_1735122694_280'),
(592, 'TICKET_1735128216_444', 'C3', 'CALENDAR_1735122694_280'),
(593, 'TICKET_1735128216_444', 'C6', 'CALENDAR_1735122694_280'),
(594, 'TICKET_1735128216_444', 'D4', 'CALENDAR_1735122694_280'),
(595, 'TICKET_1735128216_444', 'D5', 'CALENDAR_1735122694_280'),
(596, 'TICKET_1735128216_444', 'E4', 'CALENDAR_1735122694_280'),
(597, 'TICKET_1735128216_444', 'E5', 'CALENDAR_1735122694_280'),
(598, 'TICKET_1735128216_444', 'F3', 'CALENDAR_1735122694_280'),
(599, 'TICKET_1735128216_444', 'F6', 'CALENDAR_1735122694_280'),
(600, 'TICKET_1735128216_444', 'G2', 'CALENDAR_1735122694_280'),
(601, 'TICKET_1735128216_444', 'G7', 'CALENDAR_1735122694_280'),
(602, 'TICKET_1735128216_444', 'H1', 'CALENDAR_1735122694_280'),
(603, 'TICKET_1735128216_444', 'H8', 'CALENDAR_1735122694_280'),
(604, 'TICKET_1735128270_918', 'A4', 'CALENDAR_1735122694_280'),
(605, 'TICKET_1735128270_918', 'A5', 'CALENDAR_1735122694_280'),
(606, 'TICKET_1735128270_918', 'D1', 'CALENDAR_1735122694_280'),
(607, 'TICKET_1735128270_918', 'D8', 'CALENDAR_1735122694_280'),
(608, 'TICKET_1735128270_918', 'D9', 'CALENDAR_1735122694_280'),
(609, 'TICKET_1735128270_918', 'E1', 'CALENDAR_1735122694_280'),
(610, 'TICKET_1735128270_918', 'E8', 'CALENDAR_1735122694_280'),
(611, 'TICKET_1735128270_918', 'E9', 'CALENDAR_1735122694_280'),
(612, 'TICKET_1735128270_918', 'G4', 'CALENDAR_1735122694_280'),
(613, 'TICKET_1735128270_918', 'G9', 'CALENDAR_1735122694_280'),
(614, 'TICKET_1735128270_918', 'H4', 'CALENDAR_1735122694_280'),
(615, 'TICKET_1735128336_372', 'A4', 'CALENDAR_1735122716_366'),
(616, 'TICKET_1735128336_372', 'B2', 'CALENDAR_1735122716_366'),
(617, 'TICKET_1735128336_372', 'B8', 'CALENDAR_1735122716_366'),
(618, 'TICKET_1735128336_372', 'C9', 'CALENDAR_1735122716_366'),
(619, 'TICKET_1735128336_372', 'D3', 'CALENDAR_1735122716_366'),
(620, 'TICKET_1735128336_372', 'D5', 'CALENDAR_1735122716_366'),
(621, 'TICKET_1735128336_372', 'D8', 'CALENDAR_1735122716_366'),
(622, 'TICKET_1735128336_372', 'E2', 'CALENDAR_1735122716_366'),
(623, 'TICKET_1735128336_372', 'F5', 'CALENDAR_1735122716_366'),
(624, 'TICKET_1735128336_372', 'F9', 'CALENDAR_1735122716_366'),
(625, 'TICKET_1735128336_372', 'G2', 'CALENDAR_1735122716_366'),
(626, 'TICKET_1735128336_372', 'G8', 'CALENDAR_1735122716_366'),
(627, 'TICKET_1735128336_372', 'H3', 'CALENDAR_1735122716_366'),
(628, 'TICKET_1735128630_059', 'B5', 'CALENDAR_1735122716_366'),
(629, 'TICKET_1735128630_059', 'D6', 'CALENDAR_1735122716_366'),
(630, 'TICKET_1735128630_059', 'E10', 'CALENDAR_1735122716_366'),
(631, 'TICKET_1735128630_059', 'E3', 'CALENDAR_1735122716_366'),
(632, 'TICKET_1735128630_059', 'E8', 'CALENDAR_1735122716_366'),
(633, 'TICKET_1735128630_059', 'G5', 'CALENDAR_1735122716_366'),
(634, 'TICKET_1735128630_059', 'H6', 'CALENDAR_1735122716_366'),
(635, 'TICKET_1735128630_059', 'H8', 'CALENDAR_1735122716_366'),
(636, 'TICKET_1735128630_059', 'H9', 'CALENDAR_1735122716_366'),
(637, 'TICKET_1735128730_922', 'A2', 'CALENDAR_1735122098_352'),
(638, 'TICKET_1735128730_922', 'A3', 'CALENDAR_1735122098_352'),
(639, 'TICKET_1735128730_922', 'C1', 'CALENDAR_1735122098_352'),
(640, 'TICKET_1735128730_922', 'C4', 'CALENDAR_1735122098_352'),
(641, 'TICKET_1735128730_922', 'C5', 'CALENDAR_1735122098_352'),
(642, 'TICKET_1735128730_922', 'C8', 'CALENDAR_1735122098_352'),
(643, 'TICKET_1735128730_922', 'E2', 'CALENDAR_1735122098_352'),
(644, 'TICKET_1735128730_922', 'E7', 'CALENDAR_1735122098_352'),
(645, 'TICKET_1735128730_922', 'E8', 'CALENDAR_1735122098_352'),
(646, 'TICKET_1735128730_922', 'E9', 'CALENDAR_1735122098_352'),
(647, 'TICKET_1735128730_922', 'G3', 'CALENDAR_1735122098_352'),
(648, 'TICKET_1735128730_922', 'G5', 'CALENDAR_1735122098_352'),
(649, 'TICKET_1735128730_922', 'G6', 'CALENDAR_1735122098_352'),
(650, 'TICKET_1735128730_922', 'H3', 'CALENDAR_1735122098_352'),
(651, 'TICKET_1735128730_922', 'H8', 'CALENDAR_1735122098_352'),
(652, 'TICKET_1735128730_922', 'H9', 'CALENDAR_1735122098_352'),
(653, 'TICKET_1735128778_653', 'A2', 'CALENDAR_1735122150_432'),
(654, 'TICKET_1735128778_653', 'A3', 'CALENDAR_1735122150_432'),
(655, 'TICKET_1735128778_653', 'A5', 'CALENDAR_1735122150_432'),
(656, 'TICKET_1735128778_653', 'B7', 'CALENDAR_1735122150_432'),
(657, 'TICKET_1735128778_653', 'C10', 'CALENDAR_1735122150_432'),
(658, 'TICKET_1735128778_653', 'C2', 'CALENDAR_1735122150_432'),
(659, 'TICKET_1735128778_653', 'C4', 'CALENDAR_1735122150_432'),
(660, 'TICKET_1735128778_653', 'C6', 'CALENDAR_1735122150_432'),
(661, 'TICKET_1735128778_653', 'C9', 'CALENDAR_1735122150_432'),
(662, 'TICKET_1735128778_653', 'E2', 'CALENDAR_1735122150_432'),
(663, 'TICKET_1735128778_653', 'E3', 'CALENDAR_1735122150_432'),
(664, 'TICKET_1735128778_653', 'E5', 'CALENDAR_1735122150_432'),
(665, 'TICKET_1735128778_653', 'E6', 'CALENDAR_1735122150_432'),
(666, 'TICKET_1735128778_653', 'F6', 'CALENDAR_1735122150_432'),
(667, 'TICKET_1735128778_653', 'F8', 'CALENDAR_1735122150_432'),
(668, 'TICKET_1735128778_653', 'G3', 'CALENDAR_1735122150_432'),
(669, 'TICKET_1735128778_653', 'G7', 'CALENDAR_1735122150_432'),
(670, 'TICKET_1735128778_653', 'H4', 'CALENDAR_1735122150_432'),
(671, 'TICKET_1735128778_653', 'H6', 'CALENDAR_1735122150_432'),
(672, 'TICKET_1735128841_941', 'A6', 'CALENDAR_1735121967_282'),
(673, 'TICKET_1735128841_941', 'B6', 'CALENDAR_1735121967_282'),
(674, 'TICKET_1735128841_941', 'C6', 'CALENDAR_1735121967_282'),
(675, 'TICKET_1735128841_941', 'D1', 'CALENDAR_1735121967_282'),
(676, 'TICKET_1735128841_941', 'D10', 'CALENDAR_1735121967_282'),
(677, 'TICKET_1735128841_941', 'D2', 'CALENDAR_1735121967_282'),
(678, 'TICKET_1735128841_941', 'D3', 'CALENDAR_1735121967_282'),
(679, 'TICKET_1735128841_941', 'D4', 'CALENDAR_1735121967_282'),
(680, 'TICKET_1735128841_941', 'D5', 'CALENDAR_1735121967_282'),
(681, 'TICKET_1735128841_941', 'D6', 'CALENDAR_1735121967_282'),
(682, 'TICKET_1735128841_941', 'D7', 'CALENDAR_1735121967_282'),
(683, 'TICKET_1735128841_941', 'D8', 'CALENDAR_1735121967_282'),
(684, 'TICKET_1735128841_941', 'D9', 'CALENDAR_1735121967_282'),
(685, 'TICKET_1735128841_941', 'E6', 'CALENDAR_1735121967_282'),
(686, 'TICKET_1735128841_941', 'F3', 'CALENDAR_1735121967_282'),
(687, 'TICKET_1735128841_941', 'F4', 'CALENDAR_1735121967_282'),
(688, 'TICKET_1735128841_941', 'F6', 'CALENDAR_1735121967_282'),
(689, 'TICKET_1735128841_941', 'G6', 'CALENDAR_1735121967_282'),
(690, 'TICKET_1735128841_941', 'H6', 'CALENDAR_1735121967_282'),
(691, 'TICKET_1735128884_406', 'A4', 'CALENDAR_1735122736_471'),
(692, 'TICKET_1735128884_406', 'A5', 'CALENDAR_1735122736_471'),
(693, 'TICKET_1735128884_406', 'A8', 'CALENDAR_1735122736_471'),
(694, 'TICKET_1735128884_406', 'A9', 'CALENDAR_1735122736_471'),
(695, 'TICKET_1735128884_406', 'B1', 'CALENDAR_1735122736_471'),
(696, 'TICKET_1735128884_406', 'B2', 'CALENDAR_1735122736_471'),
(697, 'TICKET_1735128884_406', 'B5', 'CALENDAR_1735122736_471'),
(698, 'TICKET_1735128884_406', 'B7', 'CALENDAR_1735122736_471'),
(699, 'TICKET_1735128884_406', 'C6', 'CALENDAR_1735122736_471'),
(700, 'TICKET_1735128884_406', 'D3', 'CALENDAR_1735122736_471'),
(701, 'TICKET_1735128884_406', 'D8', 'CALENDAR_1735122736_471'),
(702, 'TICKET_1735128884_406', 'D9', 'CALENDAR_1735122736_471'),
(703, 'TICKET_1735128884_406', 'E1', 'CALENDAR_1735122736_471'),
(704, 'TICKET_1735128884_406', 'E6', 'CALENDAR_1735122736_471'),
(705, 'TICKET_1735128884_406', 'E9', 'CALENDAR_1735122736_471'),
(706, 'TICKET_1735128884_406', 'F3', 'CALENDAR_1735122736_471'),
(707, 'TICKET_1735128884_406', 'F6', 'CALENDAR_1735122736_471'),
(708, 'TICKET_1735128884_406', 'F8', 'CALENDAR_1735122736_471'),
(709, 'TICKET_1735128884_406', 'G5', 'CALENDAR_1735122736_471'),
(710, 'TICKET_1735128884_406', 'G6', 'CALENDAR_1735122736_471'),
(711, 'TICKET_1735128884_406', 'G8', 'CALENDAR_1735122736_471'),
(712, 'TICKET_1735128884_406', 'H3', 'CALENDAR_1735122736_471'),
(713, 'TICKET_1735128884_406', 'H9', 'CALENDAR_1735122736_471'),
(714, 'TICKET_1735128953_728', 'A3', 'CALENDAR_1735122878_552'),
(715, 'TICKET_1735128953_728', 'A5', 'CALENDAR_1735122878_552'),
(716, 'TICKET_1735128953_728', 'A6', 'CALENDAR_1735122878_552'),
(717, 'TICKET_1735128953_728', 'B7', 'CALENDAR_1735122878_552'),
(718, 'TICKET_1735128953_728', 'B9', 'CALENDAR_1735122878_552'),
(719, 'TICKET_1735128953_728', 'C2', 'CALENDAR_1735122878_552'),
(720, 'TICKET_1735128953_728', 'C4', 'CALENDAR_1735122878_552'),
(721, 'TICKET_1735128953_728', 'C5', 'CALENDAR_1735122878_552'),
(722, 'TICKET_1735128953_728', 'D7', 'CALENDAR_1735122878_552'),
(723, 'TICKET_1735128953_728', 'D8', 'CALENDAR_1735122878_552'),
(724, 'TICKET_1735128953_728', 'E1', 'CALENDAR_1735122878_552'),
(725, 'TICKET_1735128953_728', 'E3', 'CALENDAR_1735122878_552'),
(726, 'TICKET_1735128953_728', 'E4', 'CALENDAR_1735122878_552'),
(727, 'TICKET_1735128953_728', 'F10', 'CALENDAR_1735122878_552'),
(728, 'TICKET_1735128953_728', 'F4', 'CALENDAR_1735122878_552'),
(729, 'TICKET_1735128953_728', 'F6', 'CALENDAR_1735122878_552'),
(730, 'TICKET_1735128953_728', 'F8', 'CALENDAR_1735122878_552'),
(731, 'TICKET_1735128953_728', 'G3', 'CALENDAR_1735122878_552'),
(732, 'TICKET_1735128953_728', 'G9', 'CALENDAR_1735122878_552'),
(733, 'TICKET_1735128953_728', 'H6', 'CALENDAR_1735122878_552'),
(734, 'TICKET_1735129007_027', 'B3', 'CALENDAR_1735122903_348'),
(735, 'TICKET_1735129007_027', 'B4', 'CALENDAR_1735122903_348'),
(736, 'TICKET_1735129007_027', 'C3', 'CALENDAR_1735122903_348'),
(737, 'TICKET_1735129007_027', 'C5', 'CALENDAR_1735122903_348'),
(738, 'TICKET_1735129007_027', 'C6', 'CALENDAR_1735122903_348'),
(739, 'TICKET_1735129007_027', 'C7', 'CALENDAR_1735122903_348'),
(740, 'TICKET_1735129007_027', 'D3', 'CALENDAR_1735122903_348'),
(741, 'TICKET_1735129007_027', 'D8', 'CALENDAR_1735122903_348'),
(742, 'TICKET_1735129007_027', 'E3', 'CALENDAR_1735122903_348'),
(743, 'TICKET_1735129007_027', 'E8', 'CALENDAR_1735122903_348'),
(744, 'TICKET_1735129007_027', 'E9', 'CALENDAR_1735122903_348'),
(745, 'TICKET_1735129007_027', 'F5', 'CALENDAR_1735122903_348'),
(746, 'TICKET_1735129007_027', 'F6', 'CALENDAR_1735122903_348'),
(747, 'TICKET_1735129007_027', 'F9', 'CALENDAR_1735122903_348'),
(748, 'TICKET_1735129007_027', 'G2', 'CALENDAR_1735122903_348'),
(749, 'TICKET_1735129007_027', 'G3', 'CALENDAR_1735122903_348'),
(750, 'TICKET_1735129007_027', 'H6', 'CALENDAR_1735122903_348'),
(751, 'TICKET_1735129007_027', 'H7', 'CALENDAR_1735122903_348'),
(752, 'TICKET_1735129054_843', 'A3', 'CALENDAR_1735122928_708'),
(753, 'TICKET_1735129054_843', 'A4', 'CALENDAR_1735122928_708'),
(754, 'TICKET_1735129054_843', 'B7', 'CALENDAR_1735122928_708'),
(755, 'TICKET_1735129054_843', 'B8', 'CALENDAR_1735122928_708'),
(756, 'TICKET_1735129054_843', 'C2', 'CALENDAR_1735122928_708'),
(757, 'TICKET_1735129054_843', 'C4', 'CALENDAR_1735122928_708'),
(758, 'TICKET_1735129054_843', 'C9', 'CALENDAR_1735122928_708'),
(759, 'TICKET_1735129054_843', 'D9', 'CALENDAR_1735122928_708'),
(760, 'TICKET_1735129054_843', 'E2', 'CALENDAR_1735122928_708'),
(761, 'TICKET_1735129054_843', 'E3', 'CALENDAR_1735122928_708'),
(762, 'TICKET_1735129054_843', 'E5', 'CALENDAR_1735122928_708'),
(763, 'TICKET_1735129054_843', 'E7', 'CALENDAR_1735122928_708'),
(764, 'TICKET_1735129054_843', 'E9', 'CALENDAR_1735122928_708'),
(765, 'TICKET_1735129054_843', 'F4', 'CALENDAR_1735122928_708'),
(766, 'TICKET_1735129054_843', 'F5', 'CALENDAR_1735122928_708'),
(767, 'TICKET_1735129054_843', 'F8', 'CALENDAR_1735122928_708'),
(768, 'TICKET_1735129054_843', 'G2', 'CALENDAR_1735122928_708'),
(769, 'TICKET_1735129054_843', 'G3', 'CALENDAR_1735122928_708'),
(770, 'TICKET_1735129054_843', 'G6', 'CALENDAR_1735122928_708'),
(771, 'TICKET_1735129054_843', 'H4', 'CALENDAR_1735122928_708'),
(772, 'TICKET_1735129054_843', 'H8', 'CALENDAR_1735122928_708'),
(773, 'TICKET_1735129088_093', 'A6', 'CALENDAR_1735124149_521'),
(774, 'TICKET_1735129088_093', 'A7', 'CALENDAR_1735124149_521'),
(775, 'TICKET_1735129088_093', 'B2', 'CALENDAR_1735124149_521'),
(776, 'TICKET_1735129088_093', 'B4', 'CALENDAR_1735124149_521'),
(777, 'TICKET_1735129088_093', 'C7', 'CALENDAR_1735124149_521'),
(778, 'TICKET_1735129088_093', 'C8', 'CALENDAR_1735124149_521'),
(779, 'TICKET_1735129088_093', 'D1', 'CALENDAR_1735124149_521'),
(780, 'TICKET_1735129088_093', 'D5', 'CALENDAR_1735124149_521'),
(781, 'TICKET_1735129088_093', 'D8', 'CALENDAR_1735124149_521'),
(782, 'TICKET_1735129088_093', 'E4', 'CALENDAR_1735124149_521'),
(783, 'TICKET_1735129088_093', 'F4', 'CALENDAR_1735124149_521'),
(784, 'TICKET_1735129088_093', 'F6', 'CALENDAR_1735124149_521'),
(785, 'TICKET_1735129088_093', 'G2', 'CALENDAR_1735124149_521'),
(786, 'TICKET_1735129088_093', 'G4', 'CALENDAR_1735124149_521'),
(787, 'TICKET_1735129088_093', 'H4', 'CALENDAR_1735124149_521'),
(788, 'TICKET_1735129088_093', 'H8', 'CALENDAR_1735124149_521'),
(789, 'TICKET_1735129146_893', 'A4', 'CALENDAR_1735122483_940'),
(790, 'TICKET_1735129146_893', 'A5', 'CALENDAR_1735122483_940'),
(791, 'TICKET_1735129146_893', 'A6', 'CALENDAR_1735122483_940'),
(792, 'TICKET_1735129146_893', 'C3', 'CALENDAR_1735122483_940'),
(793, 'TICKET_1735129146_893', 'C4', 'CALENDAR_1735122483_940'),
(794, 'TICKET_1735129146_893', 'C7', 'CALENDAR_1735122483_940'),
(795, 'TICKET_1735129146_893', 'E2', 'CALENDAR_1735122483_940'),
(796, 'TICKET_1735129146_893', 'E3', 'CALENDAR_1735122483_940'),
(797, 'TICKET_1735129146_893', 'E4', 'CALENDAR_1735122483_940'),
(798, 'TICKET_1735129146_893', 'E5', 'CALENDAR_1735122483_940'),
(799, 'TICKET_1735129146_893', 'E8', 'CALENDAR_1735122483_940'),
(800, 'TICKET_1735129146_893', 'F3', 'CALENDAR_1735122483_940'),
(801, 'TICKET_1735129146_893', 'F6', 'CALENDAR_1735122483_940'),
(802, 'TICKET_1735129146_893', 'F7', 'CALENDAR_1735122483_940'),
(803, 'TICKET_1735129146_893', 'F9', 'CALENDAR_1735122483_940'),
(804, 'TICKET_1735129146_893', 'G3', 'CALENDAR_1735122483_940'),
(805, 'TICKET_1735129146_893', 'G7', 'CALENDAR_1735122483_940'),
(806, 'TICKET_1735129146_893', 'H4', 'CALENDAR_1735122483_940'),
(807, 'TICKET_1735129146_893', 'H5', 'CALENDAR_1735122483_940'),
(808, 'TICKET_1735129146_893', 'H8', 'CALENDAR_1735122483_940'),
(809, 'TICKET_1735129426_016', 'A2', 'CALENDAR_1735122430_645'),
(810, 'TICKET_1735129426_016', 'A3', 'CALENDAR_1735122430_645'),
(811, 'TICKET_1735129426_016', 'A4', 'CALENDAR_1735122430_645'),
(812, 'TICKET_1735129426_016', 'A6', 'CALENDAR_1735122430_645'),
(813, 'TICKET_1735129426_016', 'A7', 'CALENDAR_1735122430_645'),
(814, 'TICKET_1735129426_016', 'A8', 'CALENDAR_1735122430_645'),
(815, 'TICKET_1735129426_016', 'C2', 'CALENDAR_1735122430_645'),
(816, 'TICKET_1735129426_016', 'C3', 'CALENDAR_1735122430_645'),
(817, 'TICKET_1735129426_016', 'C4', 'CALENDAR_1735122430_645'),
(818, 'TICKET_1735129426_016', 'C6', 'CALENDAR_1735122430_645'),
(819, 'TICKET_1735129426_016', 'C7', 'CALENDAR_1735122430_645'),
(820, 'TICKET_1735129426_016', 'C8', 'CALENDAR_1735122430_645'),
(821, 'TICKET_1735129426_016', 'D7', 'CALENDAR_1735122430_645'),
(822, 'TICKET_1735129426_016', 'E2', 'CALENDAR_1735122430_645'),
(823, 'TICKET_1735129426_016', 'E3', 'CALENDAR_1735122430_645'),
(824, 'TICKET_1735129426_016', 'E4', 'CALENDAR_1735122430_645'),
(825, 'TICKET_1735129426_016', 'E5', 'CALENDAR_1735122430_645'),
(826, 'TICKET_1735129426_016', 'F2', 'CALENDAR_1735122430_645'),
(827, 'TICKET_1735129426_016', 'F3', 'CALENDAR_1735122430_645');
INSERT INTO `seat` (`id`, `idTicket`, `location`, `idCalendar`) VALUES
(828, 'TICKET_1735129426_016', 'F4', 'CALENDAR_1735122430_645'),
(829, 'TICKET_1735129426_016', 'F7', 'CALENDAR_1735122430_645'),
(830, 'TICKET_1735129426_016', 'F8', 'CALENDAR_1735122430_645'),
(831, 'TICKET_1735129426_016', 'F9', 'CALENDAR_1735122430_645'),
(832, 'TICKET_1735129426_016', 'G2', 'CALENDAR_1735122430_645'),
(833, 'TICKET_1735129426_016', 'H4', 'CALENDAR_1735122430_645'),
(834, 'TICKET_1735129426_016', 'H5', 'CALENDAR_1735122430_645'),
(835, 'TICKET_1735129426_016', 'H7', 'CALENDAR_1735122430_645'),
(836, 'TICKET_1735129426_016', 'H8', 'CALENDAR_1735122430_645'),
(837, 'TICKET_1735129501_947', 'A3', 'CALENDAR_1735122749_560'),
(838, 'TICKET_1735129501_947', 'A4', 'CALENDAR_1735122749_560'),
(839, 'TICKET_1735129501_947', 'A7', 'CALENDAR_1735122749_560'),
(840, 'TICKET_1735129501_947', 'A8', 'CALENDAR_1735122749_560'),
(841, 'TICKET_1735129501_947', 'A9', 'CALENDAR_1735122749_560'),
(842, 'TICKET_1735129501_947', 'C2', 'CALENDAR_1735122749_560'),
(843, 'TICKET_1735129501_947', 'C5', 'CALENDAR_1735122749_560'),
(844, 'TICKET_1735129501_947', 'C8', 'CALENDAR_1735122749_560'),
(845, 'TICKET_1735129501_947', 'D4', 'CALENDAR_1735122749_560'),
(846, 'TICKET_1735129501_947', 'E7', 'CALENDAR_1735122749_560'),
(847, 'TICKET_1735129501_947', 'E8', 'CALENDAR_1735122749_560'),
(848, 'TICKET_1735129501_947', 'F3', 'CALENDAR_1735122749_560'),
(849, 'TICKET_1735129501_947', 'F4', 'CALENDAR_1735122749_560'),
(850, 'TICKET_1735129501_947', 'G1', 'CALENDAR_1735122749_560'),
(851, 'TICKET_1735129501_947', 'G8', 'CALENDAR_1735122749_560'),
(852, 'TICKET_1735129501_947', 'H5', 'CALENDAR_1735122749_560'),
(853, 'TICKET_1735129501_947', 'H6', 'CALENDAR_1735122749_560'),
(854, 'TICKET_1735129546_048', 'A8', 'CALENDAR_1735122777_105'),
(855, 'TICKET_1735129546_048', 'A9', 'CALENDAR_1735122777_105'),
(856, 'TICKET_1735129546_048', 'B4', 'CALENDAR_1735122777_105'),
(857, 'TICKET_1735129546_048', 'B5', 'CALENDAR_1735122777_105'),
(858, 'TICKET_1735129546_048', 'B8', 'CALENDAR_1735122777_105'),
(859, 'TICKET_1735129546_048', 'C1', 'CALENDAR_1735122777_105'),
(860, 'TICKET_1735129546_048', 'C10', 'CALENDAR_1735122777_105'),
(861, 'TICKET_1735129546_048', 'D1', 'CALENDAR_1735122777_105'),
(862, 'TICKET_1735129546_048', 'D10', 'CALENDAR_1735122777_105'),
(863, 'TICKET_1735129546_048', 'D4', 'CALENDAR_1735122777_105'),
(864, 'TICKET_1735129546_048', 'D5', 'CALENDAR_1735122777_105'),
(865, 'TICKET_1735129546_048', 'D7', 'CALENDAR_1735122777_105'),
(866, 'TICKET_1735129546_048', 'E10', 'CALENDAR_1735122777_105'),
(867, 'TICKET_1735129546_048', 'F3', 'CALENDAR_1735122777_105'),
(868, 'TICKET_1735129546_048', 'F4', 'CALENDAR_1735122777_105'),
(869, 'TICKET_1735129546_048', 'F5', 'CALENDAR_1735122777_105'),
(870, 'TICKET_1735129546_048', 'F8', 'CALENDAR_1735122777_105'),
(871, 'TICKET_1735129546_048', 'F9', 'CALENDAR_1735122777_105'),
(872, 'TICKET_1735129546_048', 'G2', 'CALENDAR_1735122777_105'),
(873, 'TICKET_1735129546_048', 'G8', 'CALENDAR_1735122777_105'),
(874, 'TICKET_1735129546_048', 'H3', 'CALENDAR_1735122777_105'),
(875, 'TICKET_1735129546_048', 'H9', 'CALENDAR_1735122777_105'),
(876, 'TICKET_1735129600_681', 'B2', 'CALENDAR_1735122274_200'),
(877, 'TICKET_1735129600_681', 'B3', 'CALENDAR_1735122274_200'),
(878, 'TICKET_1735129600_681', 'B4', 'CALENDAR_1735122274_200'),
(879, 'TICKET_1735129600_681', 'B6', 'CALENDAR_1735122274_200'),
(880, 'TICKET_1735129600_681', 'B8', 'CALENDAR_1735122274_200'),
(881, 'TICKET_1735129600_681', 'D2', 'CALENDAR_1735122274_200'),
(882, 'TICKET_1735129600_681', 'D4', 'CALENDAR_1735122274_200'),
(883, 'TICKET_1735129600_681', 'D6', 'CALENDAR_1735122274_200'),
(884, 'TICKET_1735129600_681', 'D7', 'CALENDAR_1735122274_200'),
(885, 'TICKET_1735129600_681', 'E2', 'CALENDAR_1735122274_200'),
(886, 'TICKET_1735129600_681', 'E9', 'CALENDAR_1735122274_200'),
(887, 'TICKET_1735129600_681', 'F10', 'CALENDAR_1735122274_200'),
(888, 'TICKET_1735129600_681', 'F3', 'CALENDAR_1735122274_200'),
(889, 'TICKET_1735129600_681', 'G10', 'CALENDAR_1735122274_200'),
(890, 'TICKET_1735129600_681', 'G4', 'CALENDAR_1735122274_200'),
(891, 'TICKET_1735129600_681', 'G7', 'CALENDAR_1735122274_200'),
(892, 'TICKET_1735129600_681', 'G8', 'CALENDAR_1735122274_200'),
(893, 'TICKET_1735129600_681', 'H2', 'CALENDAR_1735122274_200'),
(894, 'TICKET_1735129600_681', 'H4', 'CALENDAR_1735122274_200'),
(895, 'TICKET_1735129658_350', 'A1', 'CALENDAR_1735123651_414'),
(896, 'TICKET_1735129658_350', 'A4', 'CALENDAR_1735123651_414'),
(897, 'TICKET_1735129658_350', 'A7', 'CALENDAR_1735123651_414'),
(898, 'TICKET_1735129658_350', 'A8', 'CALENDAR_1735123651_414'),
(899, 'TICKET_1735129658_350', 'B2', 'CALENDAR_1735123651_414'),
(900, 'TICKET_1735129658_350', 'B4', 'CALENDAR_1735123651_414'),
(901, 'TICKET_1735129658_350', 'C7', 'CALENDAR_1735123651_414'),
(902, 'TICKET_1735129658_350', 'C8', 'CALENDAR_1735123651_414'),
(903, 'TICKET_1735129658_350', 'D1', 'CALENDAR_1735123651_414'),
(904, 'TICKET_1735129658_350', 'D3', 'CALENDAR_1735123651_414'),
(905, 'TICKET_1735129658_350', 'D5', 'CALENDAR_1735123651_414'),
(906, 'TICKET_1735129658_350', 'D9', 'CALENDAR_1735123651_414'),
(907, 'TICKET_1735129658_350', 'E4', 'CALENDAR_1735123651_414'),
(908, 'TICKET_1735129658_350', 'E7', 'CALENDAR_1735123651_414'),
(909, 'TICKET_1735129658_350', 'E8', 'CALENDAR_1735123651_414'),
(910, 'TICKET_1735129658_350', 'F10', 'CALENDAR_1735123651_414'),
(911, 'TICKET_1735129658_350', 'F3', 'CALENDAR_1735123651_414'),
(912, 'TICKET_1735129658_350', 'F7', 'CALENDAR_1735123651_414'),
(913, 'TICKET_1735129658_350', 'G1', 'CALENDAR_1735123651_414'),
(914, 'TICKET_1735129658_350', 'G2', 'CALENDAR_1735123651_414'),
(915, 'TICKET_1735129658_350', 'G6', 'CALENDAR_1735123651_414'),
(916, 'TICKET_1735129658_350', 'H3', 'CALENDAR_1735123651_414'),
(917, 'TICKET_1735129658_350', 'H7', 'CALENDAR_1735123651_414'),
(918, 'TICKET_1735129658_350', 'H9', 'CALENDAR_1735123651_414'),
(919, 'TICKET_1735129720_110', 'A3', 'CALENDAR_1735121834_556'),
(920, 'TICKET_1735129720_110', 'A7', 'CALENDAR_1735121834_556'),
(921, 'TICKET_1735129720_110', 'A8', 'CALENDAR_1735121834_556'),
(922, 'TICKET_1735129720_110', 'B5', 'CALENDAR_1735121834_556'),
(923, 'TICKET_1735129720_110', 'B6', 'CALENDAR_1735121834_556'),
(924, 'TICKET_1735129720_110', 'C2', 'CALENDAR_1735121834_556'),
(925, 'TICKET_1735129720_110', 'C3', 'CALENDAR_1735121834_556'),
(926, 'TICKET_1735129720_110', 'C9', 'CALENDAR_1735121834_556'),
(927, 'TICKET_1735129720_110', 'D1', 'CALENDAR_1735121834_556'),
(928, 'TICKET_1735129720_110', 'D6', 'CALENDAR_1735121834_556'),
(929, 'TICKET_1735129720_110', 'D7', 'CALENDAR_1735121834_556'),
(930, 'TICKET_1735129720_110', 'E3', 'CALENDAR_1735121834_556'),
(931, 'TICKET_1735129720_110', 'E6', 'CALENDAR_1735121834_556'),
(932, 'TICKET_1735129720_110', 'E7', 'CALENDAR_1735121834_556'),
(933, 'TICKET_1735129720_110', 'F2', 'CALENDAR_1735121834_556'),
(934, 'TICKET_1735129720_110', 'F4', 'CALENDAR_1735121834_556'),
(935, 'TICKET_1735129720_110', 'G4', 'CALENDAR_1735121834_556'),
(936, 'TICKET_1735129720_110', 'G7', 'CALENDAR_1735121834_556'),
(937, 'TICKET_1735129720_110', 'G8', 'CALENDAR_1735121834_556'),
(938, 'TICKET_1735129720_110', 'H2', 'CALENDAR_1735121834_556'),
(939, 'TICKET_1735129720_110', 'H3', 'CALENDAR_1735121834_556'),
(940, 'TICKET_1735129770_771', 'A1', 'CALENDAR_1735123282_315'),
(941, 'TICKET_1735129770_771', 'A5', 'CALENDAR_1735123282_315'),
(942, 'TICKET_1735129770_771', 'A6', 'CALENDAR_1735123282_315'),
(943, 'TICKET_1735129770_771', 'A8', 'CALENDAR_1735123282_315'),
(944, 'TICKET_1735129770_771', 'A9', 'CALENDAR_1735123282_315'),
(945, 'TICKET_1735129770_771', 'B2', 'CALENDAR_1735123282_315'),
(946, 'TICKET_1735129770_771', 'B3', 'CALENDAR_1735123282_315'),
(947, 'TICKET_1735129770_771', 'B6', 'CALENDAR_1735123282_315'),
(948, 'TICKET_1735129770_771', 'B8', 'CALENDAR_1735123282_315'),
(949, 'TICKET_1735129770_771', 'C5', 'CALENDAR_1735123282_315'),
(950, 'TICKET_1735129770_771', 'C8', 'CALENDAR_1735123282_315'),
(951, 'TICKET_1735129770_771', 'D3', 'CALENDAR_1735123282_315'),
(952, 'TICKET_1735129770_771', 'D8', 'CALENDAR_1735123282_315'),
(953, 'TICKET_1735129770_771', 'E2', 'CALENDAR_1735123282_315'),
(954, 'TICKET_1735129770_771', 'E5', 'CALENDAR_1735123282_315'),
(955, 'TICKET_1735129770_771', 'E9', 'CALENDAR_1735123282_315'),
(956, 'TICKET_1735129770_771', 'F7', 'CALENDAR_1735123282_315'),
(957, 'TICKET_1735129770_771', 'F9', 'CALENDAR_1735123282_315'),
(958, 'TICKET_1735129770_771', 'G3', 'CALENDAR_1735123282_315'),
(959, 'TICKET_1735129770_771', 'H3', 'CALENDAR_1735123282_315'),
(960, 'TICKET_1735129770_771', 'H4', 'CALENDAR_1735123282_315'),
(961, 'TICKET_1735129770_771', 'H5', 'CALENDAR_1735123282_315'),
(962, 'TICKET_1735129770_771', 'H8', 'CALENDAR_1735123282_315'),
(963, 'TICKET_1735129818_319', 'A2', 'CALENDAR_1735123683_936'),
(964, 'TICKET_1735129818_319', 'A6', 'CALENDAR_1735123683_936'),
(965, 'TICKET_1735129818_319', 'A8', 'CALENDAR_1735123683_936'),
(966, 'TICKET_1735129818_319', 'B2', 'CALENDAR_1735123683_936'),
(967, 'TICKET_1735129818_319', 'B3', 'CALENDAR_1735123683_936'),
(968, 'TICKET_1735129818_319', 'B9', 'CALENDAR_1735123683_936'),
(969, 'TICKET_1735129818_319', 'C1', 'CALENDAR_1735123683_936'),
(970, 'TICKET_1735129818_319', 'C4', 'CALENDAR_1735123683_936'),
(971, 'TICKET_1735129818_319', 'C5', 'CALENDAR_1735123683_936'),
(972, 'TICKET_1735129818_319', 'C7', 'CALENDAR_1735123683_936'),
(973, 'TICKET_1735129818_319', 'D1', 'CALENDAR_1735123683_936'),
(974, 'TICKET_1735129818_319', 'D6', 'CALENDAR_1735123683_936'),
(975, 'TICKET_1735129818_319', 'D8', 'CALENDAR_1735123683_936'),
(976, 'TICKET_1735129818_319', 'E10', 'CALENDAR_1735123683_936'),
(977, 'TICKET_1735129818_319', 'E4', 'CALENDAR_1735123683_936'),
(978, 'TICKET_1735129818_319', 'E5', 'CALENDAR_1735123683_936'),
(979, 'TICKET_1735129818_319', 'E9', 'CALENDAR_1735123683_936'),
(980, 'TICKET_1735129818_319', 'F2', 'CALENDAR_1735123683_936'),
(981, 'TICKET_1735129818_319', 'F4', 'CALENDAR_1735123683_936'),
(982, 'TICKET_1735129818_319', 'F9', 'CALENDAR_1735123683_936'),
(983, 'TICKET_1735129818_319', 'G6', 'CALENDAR_1735123683_936'),
(984, 'TICKET_1735129818_319', 'G7', 'CALENDAR_1735123683_936'),
(985, 'TICKET_1735129818_319', 'H2', 'CALENDAR_1735123683_936'),
(986, 'TICKET_1735129818_319', 'H3', 'CALENDAR_1735123683_936'),
(987, 'TICKET_1735129818_319', 'H7', 'CALENDAR_1735123683_936'),
(988, 'TICKET_1735129818_319', 'H8', 'CALENDAR_1735123683_936'),
(989, 'TICKET_1735129871_695', 'A2', 'CALENDAR_1735121677_859'),
(990, 'TICKET_1735129871_695', 'A7', 'CALENDAR_1735121677_859'),
(991, 'TICKET_1735129871_695', 'A8', 'CALENDAR_1735121677_859'),
(992, 'TICKET_1735129871_695', 'A9', 'CALENDAR_1735121677_859'),
(993, 'TICKET_1735129871_695', 'C3', 'CALENDAR_1735121677_859'),
(994, 'TICKET_1735129871_695', 'C4', 'CALENDAR_1735121677_859'),
(995, 'TICKET_1735129871_695', 'C7', 'CALENDAR_1735121677_859'),
(996, 'TICKET_1735129871_695', 'D10', 'CALENDAR_1735121677_859'),
(997, 'TICKET_1735129871_695', 'D7', 'CALENDAR_1735121677_859'),
(998, 'TICKET_1735129871_695', 'E10', 'CALENDAR_1735121677_859'),
(999, 'TICKET_1735129871_695', 'E2', 'CALENDAR_1735121677_859'),
(1000, 'TICKET_1735129871_695', 'E6', 'CALENDAR_1735121677_859'),
(1001, 'TICKET_1735129871_695', 'E8', 'CALENDAR_1735121677_859'),
(1002, 'TICKET_1735129871_695', 'F10', 'CALENDAR_1735121677_859'),
(1003, 'TICKET_1735129871_695', 'F3', 'CALENDAR_1735121677_859'),
(1004, 'TICKET_1735129871_695', 'G1', 'CALENDAR_1735121677_859'),
(1005, 'TICKET_1735129871_695', 'G3', 'CALENDAR_1735121677_859'),
(1006, 'TICKET_1735129871_695', 'G5', 'CALENDAR_1735121677_859'),
(1007, 'TICKET_1735129871_695', 'G7', 'CALENDAR_1735121677_859'),
(1008, 'TICKET_1735129871_695', 'H4', 'CALENDAR_1735121677_859'),
(1009, 'TICKET_1735129871_695', 'H6', 'CALENDAR_1735121677_859'),
(1010, 'TICKET_1735129871_695', 'H8', 'CALENDAR_1735121677_859'),
(1011, 'TICKET_1735129941_214', 'A2', 'CALENDAR_1735122356_206'),
(1012, 'TICKET_1735129941_214', 'A6', 'CALENDAR_1735122356_206'),
(1013, 'TICKET_1735129941_214', 'A7', 'CALENDAR_1735122356_206'),
(1014, 'TICKET_1735129941_214', 'B3', 'CALENDAR_1735122356_206'),
(1015, 'TICKET_1735129941_214', 'B8', 'CALENDAR_1735122356_206'),
(1016, 'TICKET_1735129941_214', 'B9', 'CALENDAR_1735122356_206'),
(1017, 'TICKET_1735129941_214', 'C3', 'CALENDAR_1735122356_206'),
(1018, 'TICKET_1735129941_214', 'C5', 'CALENDAR_1735122356_206'),
(1019, 'TICKET_1735129941_214', 'C6', 'CALENDAR_1735122356_206'),
(1020, 'TICKET_1735129941_214', 'C9', 'CALENDAR_1735122356_206'),
(1021, 'TICKET_1735129941_214', 'D2', 'CALENDAR_1735122356_206'),
(1022, 'TICKET_1735129941_214', 'D3', 'CALENDAR_1735122356_206'),
(1023, 'TICKET_1735129941_214', 'D8', 'CALENDAR_1735122356_206'),
(1024, 'TICKET_1735129941_214', 'E2', 'CALENDAR_1735122356_206'),
(1025, 'TICKET_1735129941_214', 'E3', 'CALENDAR_1735122356_206'),
(1026, 'TICKET_1735129941_214', 'E5', 'CALENDAR_1735122356_206'),
(1027, 'TICKET_1735129941_214', 'E9', 'CALENDAR_1735122356_206'),
(1028, 'TICKET_1735129941_214', 'F2', 'CALENDAR_1735122356_206'),
(1029, 'TICKET_1735129941_214', 'F3', 'CALENDAR_1735122356_206'),
(1030, 'TICKET_1735129941_214', 'F4', 'CALENDAR_1735122356_206'),
(1031, 'TICKET_1735129941_214', 'F9', 'CALENDAR_1735122356_206'),
(1032, 'TICKET_1735129941_214', 'G2', 'CALENDAR_1735122356_206'),
(1033, 'TICKET_1735129941_214', 'G6', 'CALENDAR_1735122356_206'),
(1034, 'TICKET_1735129941_214', 'G7', 'CALENDAR_1735122356_206'),
(1035, 'TICKET_1735129941_214', 'H2', 'CALENDAR_1735122356_206'),
(1036, 'TICKET_1735129941_214', 'H5', 'CALENDAR_1735122356_206'),
(1037, 'TICKET_1735129941_214', 'H6', 'CALENDAR_1735122356_206'),
(1038, 'TICKET_1735129941_214', 'H8', 'CALENDAR_1735122356_206'),
(1039, 'TICKET_1735129993_895', 'A1', 'CALENDAR_1735122889_078'),
(1040, 'TICKET_1735129993_895', 'A2', 'CALENDAR_1735122889_078'),
(1041, 'TICKET_1735129993_895', 'A3', 'CALENDAR_1735122889_078'),
(1042, 'TICKET_1735129993_895', 'A4', 'CALENDAR_1735122889_078'),
(1043, 'TICKET_1735129993_895', 'B1', 'CALENDAR_1735122889_078'),
(1044, 'TICKET_1735129993_895', 'B2', 'CALENDAR_1735122889_078'),
(1045, 'TICKET_1735129993_895', 'B3', 'CALENDAR_1735122889_078'),
(1046, 'TICKET_1735129993_895', 'B4', 'CALENDAR_1735122889_078'),
(1047, 'TICKET_1735129993_895', 'C4', 'CALENDAR_1735122889_078'),
(1048, 'TICKET_1735129993_895', 'C5', 'CALENDAR_1735122889_078'),
(1049, 'TICKET_1735129993_895', 'C6', 'CALENDAR_1735122889_078'),
(1050, 'TICKET_1735129993_895', 'C7', 'CALENDAR_1735122889_078'),
(1051, 'TICKET_1735129993_895', 'D4', 'CALENDAR_1735122889_078'),
(1052, 'TICKET_1735129993_895', 'D5', 'CALENDAR_1735122889_078'),
(1053, 'TICKET_1735129993_895', 'D6', 'CALENDAR_1735122889_078'),
(1054, 'TICKET_1735129993_895', 'D7', 'CALENDAR_1735122889_078'),
(1055, 'TICKET_1735129993_895', 'E1', 'CALENDAR_1735122889_078'),
(1056, 'TICKET_1735129993_895', 'E2', 'CALENDAR_1735122889_078'),
(1057, 'TICKET_1735129993_895', 'E3', 'CALENDAR_1735122889_078'),
(1058, 'TICKET_1735129993_895', 'E4', 'CALENDAR_1735122889_078'),
(1059, 'TICKET_1735129993_895', 'F1', 'CALENDAR_1735122889_078'),
(1060, 'TICKET_1735129993_895', 'F2', 'CALENDAR_1735122889_078'),
(1061, 'TICKET_1735129993_895', 'F3', 'CALENDAR_1735122889_078'),
(1062, 'TICKET_1735129993_895', 'F4', 'CALENDAR_1735122889_078'),
(1063, 'TICKET_1735129993_895', 'G7', 'CALENDAR_1735122889_078'),
(1064, 'TICKET_1735129993_895', 'H7', 'CALENDAR_1735122889_078'),
(1065, 'TICKET_1735129993_895', 'H8', 'CALENDAR_1735122889_078'),
(1066, 'TICKET_1735130080_948', 'A1', 'CALENDAR_1735124036_963'),
(1067, 'TICKET_1735130080_948', 'A2', 'CALENDAR_1735124036_963'),
(1068, 'TICKET_1735130080_948', 'A6', 'CALENDAR_1735124036_963'),
(1069, 'TICKET_1735130080_948', 'A8', 'CALENDAR_1735124036_963'),
(1070, 'TICKET_1735130080_948', 'A9', 'CALENDAR_1735124036_963'),
(1071, 'TICKET_1735130080_948', 'B3', 'CALENDAR_1735124036_963'),
(1072, 'TICKET_1735130080_948', 'B4', 'CALENDAR_1735124036_963'),
(1073, 'TICKET_1735130080_948', 'B7', 'CALENDAR_1735124036_963'),
(1074, 'TICKET_1735130080_948', 'C7', 'CALENDAR_1735124036_963'),
(1075, 'TICKET_1735130080_948', 'D1', 'CALENDAR_1735124036_963'),
(1076, 'TICKET_1735130080_948', 'D10', 'CALENDAR_1735124036_963'),
(1077, 'TICKET_1735130080_948', 'D2', 'CALENDAR_1735124036_963'),
(1078, 'TICKET_1735130080_948', 'D4', 'CALENDAR_1735124036_963'),
(1079, 'TICKET_1735130080_948', 'D5', 'CALENDAR_1735124036_963'),
(1080, 'TICKET_1735130080_948', 'D9', 'CALENDAR_1735124036_963'),
(1081, 'TICKET_1735130080_948', 'E10', 'CALENDAR_1735124036_963'),
(1082, 'TICKET_1735130080_948', 'E4', 'CALENDAR_1735124036_963'),
(1083, 'TICKET_1735130080_948', 'E6', 'CALENDAR_1735124036_963'),
(1084, 'TICKET_1735130080_948', 'E9', 'CALENDAR_1735124036_963'),
(1085, 'TICKET_1735130080_948', 'F1', 'CALENDAR_1735124036_963'),
(1086, 'TICKET_1735130080_948', 'F6', 'CALENDAR_1735124036_963'),
(1087, 'TICKET_1735130080_948', 'F7', 'CALENDAR_1735124036_963'),
(1088, 'TICKET_1735130080_948', 'G2', 'CALENDAR_1735124036_963'),
(1089, 'TICKET_1735130080_948', 'G3', 'CALENDAR_1735124036_963'),
(1090, 'TICKET_1735130080_948', 'G4', 'CALENDAR_1735124036_963'),
(1091, 'TICKET_1735130080_948', 'G9', 'CALENDAR_1735124036_963'),
(1092, 'TICKET_1735130080_948', 'H2', 'CALENDAR_1735124036_963'),
(1093, 'TICKET_1735130080_948', 'H6', 'CALENDAR_1735124036_963'),
(1094, 'TICKET_1735130080_948', 'H7', 'CALENDAR_1735124036_963'),
(1095, 'TICKET_1735130080_948', 'H8', 'CALENDAR_1735124036_963'),
(1096, 'TICKET_1735130126_952', 'A6', 'CALENDAR_1735124104_861'),
(1097, 'TICKET_1735130126_952', 'A8', 'CALENDAR_1735124104_861'),
(1098, 'TICKET_1735130126_952', 'A9', 'CALENDAR_1735124104_861'),
(1099, 'TICKET_1735130126_952', 'B1', 'CALENDAR_1735124104_861'),
(1100, 'TICKET_1735130126_952', 'B5', 'CALENDAR_1735124104_861'),
(1101, 'TICKET_1735130126_952', 'B6', 'CALENDAR_1735124104_861'),
(1102, 'TICKET_1735130126_952', 'C5', 'CALENDAR_1735124104_861'),
(1103, 'TICKET_1735130126_952', 'C9', 'CALENDAR_1735124104_861'),
(1104, 'TICKET_1735130126_952', 'D3', 'CALENDAR_1735124104_861'),
(1105, 'TICKET_1735130126_952', 'D9', 'CALENDAR_1735124104_861'),
(1106, 'TICKET_1735130126_952', 'E10', 'CALENDAR_1735124104_861'),
(1107, 'TICKET_1735130126_952', 'E4', 'CALENDAR_1735124104_861'),
(1108, 'TICKET_1735130126_952', 'E5', 'CALENDAR_1735124104_861'),
(1109, 'TICKET_1735130126_952', 'E8', 'CALENDAR_1735124104_861'),
(1110, 'TICKET_1735130126_952', 'E9', 'CALENDAR_1735124104_861'),
(1111, 'TICKET_1735130126_952', 'F10', 'CALENDAR_1735124104_861'),
(1112, 'TICKET_1735130126_952', 'F9', 'CALENDAR_1735124104_861'),
(1113, 'TICKET_1735130126_952', 'G3', 'CALENDAR_1735124104_861'),
(1114, 'TICKET_1735130126_952', 'G4', 'CALENDAR_1735124104_861'),
(1115, 'TICKET_1735130126_952', 'G5', 'CALENDAR_1735124104_861'),
(1116, 'TICKET_1735130126_952', 'G7', 'CALENDAR_1735124104_861'),
(1117, 'TICKET_1735130126_952', 'G8', 'CALENDAR_1735124104_861'),
(1118, 'TICKET_1735130126_952', 'H2', 'CALENDAR_1735124104_861'),
(1119, 'TICKET_1735130126_952', 'H3', 'CALENDAR_1735124104_861'),
(1120, 'TICKET_1735130126_952', 'H4', 'CALENDAR_1735124104_861'),
(1121, 'TICKET_1735130126_952', 'H8', 'CALENDAR_1735124104_861'),
(1122, 'TICKET_1735130126_952', 'H9', 'CALENDAR_1735124104_861'),
(1123, 'TICKET_1735130455_431', 'A1', 'CALENDAR_1735122307_694'),
(1124, 'TICKET_1735130455_431', 'A6', 'CALENDAR_1735122307_694'),
(1125, 'TICKET_1735130455_431', 'A7', 'CALENDAR_1735122307_694'),
(1126, 'TICKET_1735130455_431', 'A8', 'CALENDAR_1735122307_694'),
(1127, 'TICKET_1735130455_431', 'B3', 'CALENDAR_1735122307_694'),
(1128, 'TICKET_1735130455_431', 'B4', 'CALENDAR_1735122307_694'),
(1129, 'TICKET_1735130455_431', 'C2', 'CALENDAR_1735122307_694'),
(1130, 'TICKET_1735130455_431', 'C3', 'CALENDAR_1735122307_694'),
(1131, 'TICKET_1735130455_431', 'C8', 'CALENDAR_1735122307_694'),
(1132, 'TICKET_1735130455_431', 'D6', 'CALENDAR_1735122307_694'),
(1133, 'TICKET_1735130455_431', 'D7', 'CALENDAR_1735122307_694'),
(1134, 'TICKET_1735130455_431', 'D8', 'CALENDAR_1735122307_694'),
(1135, 'TICKET_1735130455_431', 'D9', 'CALENDAR_1735122307_694'),
(1136, 'TICKET_1735130455_431', 'E1', 'CALENDAR_1735122307_694'),
(1137, 'TICKET_1735130455_431', 'E2', 'CALENDAR_1735122307_694'),
(1138, 'TICKET_1735130455_431', 'E4', 'CALENDAR_1735122307_694'),
(1139, 'TICKET_1735130455_431', 'E5', 'CALENDAR_1735122307_694'),
(1140, 'TICKET_1735130455_431', 'E9', 'CALENDAR_1735122307_694'),
(1141, 'TICKET_1735130455_431', 'F1', 'CALENDAR_1735122307_694'),
(1142, 'TICKET_1735130455_431', 'F2', 'CALENDAR_1735122307_694'),
(1143, 'TICKET_1735130455_431', 'F7', 'CALENDAR_1735122307_694'),
(1144, 'TICKET_1735130455_431', 'G3', 'CALENDAR_1735122307_694'),
(1145, 'TICKET_1735130455_431', 'G4', 'CALENDAR_1735122307_694'),
(1146, 'TICKET_1735130455_431', 'G8', 'CALENDAR_1735122307_694'),
(1147, 'TICKET_1735130455_431', 'G9', 'CALENDAR_1735122307_694'),
(1148, 'TICKET_1735130455_431', 'H10', 'CALENDAR_1735122307_694'),
(1149, 'TICKET_1735130455_431', 'H2', 'CALENDAR_1735122307_694'),
(1150, 'TICKET_1735130455_431', 'H3', 'CALENDAR_1735122307_694'),
(1151, 'TICKET_1735130455_431', 'H8', 'CALENDAR_1735122307_694'),
(1152, 'TICKET_1735130455_431', 'H9', 'CALENDAR_1735122307_694'),
(1153, 'TICKET_1735130523_633', 'A1', 'CALENDAR_1735123488_006'),
(1154, 'TICKET_1735130523_633', 'A2', 'CALENDAR_1735123488_006'),
(1155, 'TICKET_1735130523_633', 'A7', 'CALENDAR_1735123488_006'),
(1156, 'TICKET_1735130523_633', 'A8', 'CALENDAR_1735123488_006'),
(1157, 'TICKET_1735130523_633', 'A9', 'CALENDAR_1735123488_006'),
(1158, 'TICKET_1735130523_633', 'B10', 'CALENDAR_1735123488_006'),
(1159, 'TICKET_1735130523_633', 'B9', 'CALENDAR_1735123488_006'),
(1160, 'TICKET_1735130523_633', 'C4', 'CALENDAR_1735123488_006'),
(1161, 'TICKET_1735130523_633', 'D2', 'CALENDAR_1735123488_006'),
(1162, 'TICKET_1735130523_633', 'D3', 'CALENDAR_1735123488_006'),
(1163, 'TICKET_1735130523_633', 'D7', 'CALENDAR_1735123488_006'),
(1164, 'TICKET_1735130523_633', 'E6', 'CALENDAR_1735123488_006'),
(1165, 'TICKET_1735130523_633', 'E7', 'CALENDAR_1735123488_006'),
(1166, 'TICKET_1735130523_633', 'E8', 'CALENDAR_1735123488_006'),
(1167, 'TICKET_1735130523_633', 'F7', 'CALENDAR_1735123488_006'),
(1168, 'TICKET_1735130523_633', 'F8', 'CALENDAR_1735123488_006'),
(1169, 'TICKET_1735130523_633', 'G2', 'CALENDAR_1735123488_006'),
(1170, 'TICKET_1735130523_633', 'G3', 'CALENDAR_1735123488_006'),
(1171, 'TICKET_1735130523_633', 'G9', 'CALENDAR_1735123488_006'),
(1172, 'TICKET_1735130523_633', 'H2', 'CALENDAR_1735123488_006'),
(1173, 'TICKET_1735130523_633', 'H3', 'CALENDAR_1735123488_006'),
(1174, 'TICKET_1735130523_633', 'H9', 'CALENDAR_1735123488_006'),
(1175, 'TICKET_1735130580_483', 'A2', 'CALENDAR_1735123900_683'),
(1176, 'TICKET_1735130580_483', 'A6', 'CALENDAR_1735123900_683'),
(1177, 'TICKET_1735130580_483', 'A7', 'CALENDAR_1735123900_683'),
(1178, 'TICKET_1735130580_483', 'A9', 'CALENDAR_1735123900_683'),
(1179, 'TICKET_1735130580_483', 'B10', 'CALENDAR_1735123900_683'),
(1180, 'TICKET_1735130580_483', 'B3', 'CALENDAR_1735123900_683'),
(1181, 'TICKET_1735130580_483', 'B5', 'CALENDAR_1735123900_683'),
(1182, 'TICKET_1735130580_483', 'B7', 'CALENDAR_1735123900_683'),
(1183, 'TICKET_1735130580_483', 'B9', 'CALENDAR_1735123900_683'),
(1184, 'TICKET_1735130580_483', 'C10', 'CALENDAR_1735123900_683'),
(1185, 'TICKET_1735130580_483', 'C2', 'CALENDAR_1735123900_683'),
(1186, 'TICKET_1735130580_483', 'C5', 'CALENDAR_1735123900_683'),
(1187, 'TICKET_1735130580_483', 'D2', 'CALENDAR_1735123900_683'),
(1188, 'TICKET_1735130580_483', 'D3', 'CALENDAR_1735123900_683'),
(1189, 'TICKET_1735130580_483', 'D4', 'CALENDAR_1735123900_683'),
(1190, 'TICKET_1735130580_483', 'D8', 'CALENDAR_1735123900_683'),
(1191, 'TICKET_1735130580_483', 'D9', 'CALENDAR_1735123900_683'),
(1192, 'TICKET_1735130580_483', 'E2', 'CALENDAR_1735123900_683'),
(1193, 'TICKET_1735130580_483', 'E3', 'CALENDAR_1735123900_683'),
(1194, 'TICKET_1735130580_483', 'E6', 'CALENDAR_1735123900_683'),
(1195, 'TICKET_1735130580_483', 'E8', 'CALENDAR_1735123900_683'),
(1196, 'TICKET_1735130580_483', 'F1', 'CALENDAR_1735123900_683'),
(1197, 'TICKET_1735130580_483', 'F7', 'CALENDAR_1735123900_683'),
(1198, 'TICKET_1735130580_483', 'G10', 'CALENDAR_1735123900_683'),
(1199, 'TICKET_1735130580_483', 'G2', 'CALENDAR_1735123900_683'),
(1200, 'TICKET_1735130580_483', 'G3', 'CALENDAR_1735123900_683'),
(1201, 'TICKET_1735130580_483', 'G5', 'CALENDAR_1735123900_683'),
(1202, 'TICKET_1735130580_483', 'G7', 'CALENDAR_1735123900_683'),
(1203, 'TICKET_1735130580_483', 'G8', 'CALENDAR_1735123900_683'),
(1204, 'TICKET_1735130580_483', 'H3', 'CALENDAR_1735123900_683'),
(1205, 'TICKET_1735130580_483', 'H6', 'CALENDAR_1735123900_683'),
(1206, 'TICKET_1735130580_483', 'H7', 'CALENDAR_1735123900_683'),
(1207, 'TICKET_1735130580_483', 'H9', 'CALENDAR_1735123900_683'),
(1208, 'TICKET_1735130877_528', 'A1', 'CALENDAR_1735122916_023'),
(1209, 'TICKET_1735130877_528', 'A10', 'CALENDAR_1735122916_023'),
(1210, 'TICKET_1735130877_528', 'A2', 'CALENDAR_1735122916_023'),
(1211, 'TICKET_1735130877_528', 'A3', 'CALENDAR_1735122916_023'),
(1212, 'TICKET_1735130877_528', 'A7', 'CALENDAR_1735122916_023'),
(1213, 'TICKET_1735130877_528', 'A9', 'CALENDAR_1735122916_023'),
(1214, 'TICKET_1735130877_528', 'B8', 'CALENDAR_1735122916_023'),
(1215, 'TICKET_1735130877_528', 'C3', 'CALENDAR_1735122916_023'),
(1216, 'TICKET_1735130877_528', 'C4', 'CALENDAR_1735122916_023'),
(1217, 'TICKET_1735130877_528', 'C6', 'CALENDAR_1735122916_023'),
(1218, 'TICKET_1735130877_528', 'C7', 'CALENDAR_1735122916_023'),
(1219, 'TICKET_1735130877_528', 'D1', 'CALENDAR_1735122916_023'),
(1220, 'TICKET_1735130877_528', 'D10', 'CALENDAR_1735122916_023'),
(1221, 'TICKET_1735130877_528', 'D3', 'CALENDAR_1735122916_023'),
(1222, 'TICKET_1735130877_528', 'D8', 'CALENDAR_1735122916_023'),
(1223, 'TICKET_1735130877_528', 'E1', 'CALENDAR_1735122916_023'),
(1224, 'TICKET_1735130877_528', 'E10', 'CALENDAR_1735122916_023'),
(1225, 'TICKET_1735130877_528', 'E3', 'CALENDAR_1735122916_023'),
(1226, 'TICKET_1735130877_528', 'E7', 'CALENDAR_1735122916_023'),
(1227, 'TICKET_1735130877_528', 'F5', 'CALENDAR_1735122916_023'),
(1228, 'TICKET_1735130877_528', 'G2', 'CALENDAR_1735122916_023'),
(1229, 'TICKET_1735130877_528', 'G7', 'CALENDAR_1735122916_023'),
(1230, 'TICKET_1735130877_528', 'G8', 'CALENDAR_1735122916_023'),
(1231, 'TICKET_1735130877_528', 'G9', 'CALENDAR_1735122916_023'),
(1232, 'TICKET_1735130877_528', 'H3', 'CALENDAR_1735122916_023'),
(1233, 'TICKET_1735130877_528', 'H8', 'CALENDAR_1735122916_023'),
(1234, 'TICKET_1735130877_528', 'H9', 'CALENDAR_1735122916_023'),
(1235, 'TICKET_1735130972_064', 'A2', 'CALENDAR_1735123002_508'),
(1236, 'TICKET_1735130972_064', 'A8', 'CALENDAR_1735123002_508'),
(1237, 'TICKET_1735130972_064', 'B3', 'CALENDAR_1735123002_508'),
(1238, 'TICKET_1735130972_064', 'B5', 'CALENDAR_1735123002_508'),
(1239, 'TICKET_1735130972_064', 'B6', 'CALENDAR_1735123002_508'),
(1240, 'TICKET_1735130972_064', 'B8', 'CALENDAR_1735123002_508'),
(1241, 'TICKET_1735130972_064', 'C10', 'CALENDAR_1735123002_508'),
(1242, 'TICKET_1735130972_064', 'D10', 'CALENDAR_1735123002_508'),
(1243, 'TICKET_1735130972_064', 'D4', 'CALENDAR_1735123002_508'),
(1244, 'TICKET_1735130972_064', 'D6', 'CALENDAR_1735123002_508'),
(1245, 'TICKET_1735130972_064', 'D7', 'CALENDAR_1735123002_508'),
(1246, 'TICKET_1735130972_064', 'E10', 'CALENDAR_1735123002_508'),
(1247, 'TICKET_1735130972_064', 'E3', 'CALENDAR_1735123002_508'),
(1248, 'TICKET_1735130972_064', 'E4', 'CALENDAR_1735123002_508'),
(1249, 'TICKET_1735130972_064', 'F2', 'CALENDAR_1735123002_508'),
(1250, 'TICKET_1735130972_064', 'F4', 'CALENDAR_1735123002_508'),
(1251, 'TICKET_1735130972_064', 'F6', 'CALENDAR_1735123002_508'),
(1252, 'TICKET_1735130972_064', 'F8', 'CALENDAR_1735123002_508'),
(1253, 'TICKET_1735130972_064', 'G4', 'CALENDAR_1735123002_508'),
(1254, 'TICKET_1735130972_064', 'G5', 'CALENDAR_1735123002_508'),
(1255, 'TICKET_1735130972_064', 'H10', 'CALENDAR_1735123002_508'),
(1256, 'TICKET_1735130972_064', 'H2', 'CALENDAR_1735123002_508'),
(1257, 'TICKET_1735130972_064', 'H3', 'CALENDAR_1735123002_508'),
(1258, 'TICKET_1735130972_064', 'H6', 'CALENDAR_1735123002_508'),
(1259, 'TICKET_1735130972_064', 'H9', 'CALENDAR_1735123002_508'),
(1260, 'TICKET_1735131039_493', 'A1', 'CALENDAR_1735123997_888'),
(1261, 'TICKET_1735131039_493', 'A2', 'CALENDAR_1735123997_888'),
(1262, 'TICKET_1735131039_493', 'A8', 'CALENDAR_1735123997_888'),
(1263, 'TICKET_1735131039_493', 'A9', 'CALENDAR_1735123997_888'),
(1264, 'TICKET_1735131039_493', 'B6', 'CALENDAR_1735123997_888'),
(1265, 'TICKET_1735131039_493', 'B7', 'CALENDAR_1735123997_888'),
(1266, 'TICKET_1735131039_493', 'C5', 'CALENDAR_1735123997_888'),
(1267, 'TICKET_1735131039_493', 'C6', 'CALENDAR_1735123997_888'),
(1268, 'TICKET_1735131039_493', 'D2', 'CALENDAR_1735123997_888'),
(1269, 'TICKET_1735131039_493', 'E10', 'CALENDAR_1735123997_888'),
(1270, 'TICKET_1735131039_493', 'E2', 'CALENDAR_1735123997_888'),
(1271, 'TICKET_1735131039_493', 'E4', 'CALENDAR_1735123997_888'),
(1272, 'TICKET_1735131039_493', 'E5', 'CALENDAR_1735123997_888'),
(1273, 'TICKET_1735131039_493', 'E6', 'CALENDAR_1735123997_888'),
(1274, 'TICKET_1735131039_493', 'E9', 'CALENDAR_1735123997_888'),
(1275, 'TICKET_1735131039_493', 'F4', 'CALENDAR_1735123997_888'),
(1276, 'TICKET_1735131039_493', 'F8', 'CALENDAR_1735123997_888'),
(1277, 'TICKET_1735131039_493', 'G4', 'CALENDAR_1735123997_888'),
(1278, 'TICKET_1735131039_493', 'G7', 'CALENDAR_1735123997_888'),
(1279, 'TICKET_1735131039_493', 'G8', 'CALENDAR_1735123997_888'),
(1280, 'TICKET_1735131039_493', 'H2', 'CALENDAR_1735123997_888'),
(1281, 'TICKET_1735131039_493', 'H3', 'CALENDAR_1735123997_888'),
(1282, 'TICKET_1735131218_985', 'A10', 'CALENDAR_1735121649_470'),
(1283, 'TICKET_1735131218_985', 'A2', 'CALENDAR_1735121649_470'),
(1284, 'TICKET_1735131218_985', 'A3', 'CALENDAR_1735121649_470'),
(1285, 'TICKET_1735131218_985', 'A6', 'CALENDAR_1735121649_470'),
(1286, 'TICKET_1735131218_985', 'B1', 'CALENDAR_1735121649_470'),
(1287, 'TICKET_1735131218_985', 'B7', 'CALENDAR_1735121649_470'),
(1288, 'TICKET_1735131218_985', 'B8', 'CALENDAR_1735121649_470'),
(1289, 'TICKET_1735131218_985', 'C3', 'CALENDAR_1735121649_470'),
(1290, 'TICKET_1735131218_985', 'C4', 'CALENDAR_1735121649_470'),
(1291, 'TICKET_1735131218_985', 'D1', 'CALENDAR_1735121649_470'),
(1292, 'TICKET_1735131218_985', 'D10', 'CALENDAR_1735121649_470'),
(1293, 'TICKET_1735131218_985', 'D6', 'CALENDAR_1735121649_470'),
(1294, 'TICKET_1735131218_985', 'D7', 'CALENDAR_1735121649_470'),
(1295, 'TICKET_1735131218_985', 'E10', 'CALENDAR_1735121649_470'),
(1296, 'TICKET_1735131218_985', 'E3', 'CALENDAR_1735121649_470'),
(1297, 'TICKET_1735131218_985', 'E4', 'CALENDAR_1735121649_470'),
(1298, 'TICKET_1735131218_985', 'F1', 'CALENDAR_1735121649_470'),
(1299, 'TICKET_1735131218_985', 'F10', 'CALENDAR_1735121649_470'),
(1300, 'TICKET_1735131218_985', 'F3', 'CALENDAR_1735121649_470'),
(1301, 'TICKET_1735131218_985', 'F4', 'CALENDAR_1735121649_470'),
(1302, 'TICKET_1735131218_985', 'F7', 'CALENDAR_1735121649_470'),
(1303, 'TICKET_1735131218_985', 'F8', 'CALENDAR_1735121649_470'),
(1304, 'TICKET_1735131218_985', 'G7', 'CALENDAR_1735121649_470'),
(1305, 'TICKET_1735131218_985', 'G8', 'CALENDAR_1735121649_470'),
(1306, 'TICKET_1735131218_985', 'H2', 'CALENDAR_1735121649_470'),
(1307, 'TICKET_1735131218_985', 'H3', 'CALENDAR_1735121649_470'),
(1308, 'TICKET_1735131218_985', 'H4', 'CALENDAR_1735121649_470'),
(1309, 'TICKET_1735131218_985', 'H6', 'CALENDAR_1735121649_470'),
(1310, 'TICKET_1735131218_985', 'H9', 'CALENDAR_1735121649_470'),
(1311, 'TICKET_1735131278_642', 'A10', 'CALENDAR_1735122418_222'),
(1312, 'TICKET_1735131278_642', 'A2', 'CALENDAR_1735122418_222'),
(1313, 'TICKET_1735131278_642', 'A3', 'CALENDAR_1735122418_222'),
(1314, 'TICKET_1735131278_642', 'A8', 'CALENDAR_1735122418_222'),
(1315, 'TICKET_1735131278_642', 'A9', 'CALENDAR_1735122418_222'),
(1316, 'TICKET_1735131278_642', 'B4', 'CALENDAR_1735122418_222'),
(1317, 'TICKET_1735131278_642', 'B5', 'CALENDAR_1735122418_222'),
(1318, 'TICKET_1735131278_642', 'B9', 'CALENDAR_1735122418_222'),
(1319, 'TICKET_1735131278_642', 'C1', 'CALENDAR_1735122418_222'),
(1320, 'TICKET_1735131278_642', 'C5', 'CALENDAR_1735122418_222'),
(1321, 'TICKET_1735131278_642', 'C6', 'CALENDAR_1735122418_222'),
(1322, 'TICKET_1735131278_642', 'C9', 'CALENDAR_1735122418_222'),
(1323, 'TICKET_1735131278_642', 'D2', 'CALENDAR_1735122418_222'),
(1324, 'TICKET_1735131278_642', 'D7', 'CALENDAR_1735122418_222'),
(1325, 'TICKET_1735131278_642', 'D8', 'CALENDAR_1735122418_222'),
(1326, 'TICKET_1735131278_642', 'E3', 'CALENDAR_1735122418_222'),
(1327, 'TICKET_1735131278_642', 'E4', 'CALENDAR_1735122418_222'),
(1328, 'TICKET_1735131278_642', 'E5', 'CALENDAR_1735122418_222'),
(1329, 'TICKET_1735131278_642', 'E8', 'CALENDAR_1735122418_222'),
(1330, 'TICKET_1735131278_642', 'F2', 'CALENDAR_1735122418_222'),
(1331, 'TICKET_1735131278_642', 'F9', 'CALENDAR_1735122418_222'),
(1332, 'TICKET_1735131278_642', 'G2', 'CALENDAR_1735122418_222'),
(1333, 'TICKET_1735131278_642', 'G3', 'CALENDAR_1735122418_222'),
(1334, 'TICKET_1735131278_642', 'G7', 'CALENDAR_1735122418_222'),
(1335, 'TICKET_1735131278_642', 'G9', 'CALENDAR_1735122418_222'),
(1336, 'TICKET_1735131278_642', 'H3', 'CALENDAR_1735122418_222'),
(1337, 'TICKET_1735131278_642', 'H6', 'CALENDAR_1735122418_222'),
(1338, 'TICKET_1735131278_642', 'H7', 'CALENDAR_1735122418_222'),
(1339, 'TICKET_1735131325_187', 'A1', 'CALENDAR_1735122790_588'),
(1340, 'TICKET_1735131325_187', 'A2', 'CALENDAR_1735122790_588'),
(1341, 'TICKET_1735131325_187', 'A7', 'CALENDAR_1735122790_588'),
(1342, 'TICKET_1735131325_187', 'A8', 'CALENDAR_1735122790_588'),
(1343, 'TICKET_1735131325_187', 'B10', 'CALENDAR_1735122790_588'),
(1344, 'TICKET_1735131325_187', 'C3', 'CALENDAR_1735122790_588'),
(1345, 'TICKET_1735131325_187', 'C4', 'CALENDAR_1735122790_588'),
(1346, 'TICKET_1735131325_187', 'C7', 'CALENDAR_1735122790_588'),
(1347, 'TICKET_1735131325_187', 'C8', 'CALENDAR_1735122790_588'),
(1348, 'TICKET_1735131325_187', 'D6', 'CALENDAR_1735122790_588'),
(1349, 'TICKET_1735131325_187', 'E2', 'CALENDAR_1735122790_588'),
(1350, 'TICKET_1735131325_187', 'E7', 'CALENDAR_1735122790_588'),
(1351, 'TICKET_1735131325_187', 'F3', 'CALENDAR_1735122790_588'),
(1352, 'TICKET_1735131325_187', 'F5', 'CALENDAR_1735122790_588'),
(1353, 'TICKET_1735131325_187', 'F6', 'CALENDAR_1735122790_588'),
(1354, 'TICKET_1735131325_187', 'F9', 'CALENDAR_1735122790_588'),
(1355, 'TICKET_1735131325_187', 'G1', 'CALENDAR_1735122790_588'),
(1356, 'TICKET_1735131325_187', 'G9', 'CALENDAR_1735122790_588'),
(1357, 'TICKET_1735131325_187', 'H10', 'CALENDAR_1735122790_588'),
(1358, 'TICKET_1735131325_187', 'H2', 'CALENDAR_1735122790_588'),
(1359, 'TICKET_1735131325_187', 'H3', 'CALENDAR_1735122790_588'),
(1360, 'TICKET_1735131325_187', 'H6', 'CALENDAR_1735122790_588'),
(1361, 'TICKET_1735131325_187', 'H7', 'CALENDAR_1735122790_588'),
(1362, 'TICKET_1735131424_813', 'A5', 'CALENDAR_1735122941_399'),
(1363, 'TICKET_1735131424_813', 'A6', 'CALENDAR_1735122941_399'),
(1364, 'TICKET_1735131424_813', 'A8', 'CALENDAR_1735122941_399'),
(1365, 'TICKET_1735131424_813', 'B3', 'CALENDAR_1735122941_399'),
(1366, 'TICKET_1735131424_813', 'B6', 'CALENDAR_1735122941_399'),
(1367, 'TICKET_1735131424_813', 'B7', 'CALENDAR_1735122941_399'),
(1368, 'TICKET_1735131424_813', 'C5', 'CALENDAR_1735122941_399'),
(1369, 'TICKET_1735131424_813', 'C8', 'CALENDAR_1735122941_399'),
(1370, 'TICKET_1735131424_813', 'C9', 'CALENDAR_1735122941_399'),
(1371, 'TICKET_1735131424_813', 'D2', 'CALENDAR_1735122941_399'),
(1372, 'TICKET_1735131424_813', 'D4', 'CALENDAR_1735122941_399'),
(1373, 'TICKET_1735131424_813', 'E10', 'CALENDAR_1735122941_399'),
(1374, 'TICKET_1735131424_813', 'E3', 'CALENDAR_1735122941_399'),
(1375, 'TICKET_1735131424_813', 'E5', 'CALENDAR_1735122941_399'),
(1376, 'TICKET_1735131424_813', 'E7', 'CALENDAR_1735122941_399'),
(1377, 'TICKET_1735131424_813', 'F10', 'CALENDAR_1735122941_399'),
(1378, 'TICKET_1735131424_813', 'F3', 'CALENDAR_1735122941_399'),
(1379, 'TICKET_1735131424_813', 'F4', 'CALENDAR_1735122941_399'),
(1380, 'TICKET_1735131424_813', 'F6', 'CALENDAR_1735122941_399'),
(1381, 'TICKET_1735131424_813', 'G10', 'CALENDAR_1735122941_399'),
(1382, 'TICKET_1735131424_813', 'G2', 'CALENDAR_1735122941_399'),
(1383, 'TICKET_1735131424_813', 'G9', 'CALENDAR_1735122941_399'),
(1384, 'TICKET_1735131424_813', 'H10', 'CALENDAR_1735122941_399'),
(1385, 'TICKET_1735131424_813', 'H5', 'CALENDAR_1735122941_399'),
(1386, 'TICKET_1735131424_813', 'H6', 'CALENDAR_1735122941_399'),
(1387, 'TICKET_1735131424_813', 'H8', 'CALENDAR_1735122941_399'),
(1388, 'TICKET_1735131424_813', 'H9', 'CALENDAR_1735122941_399'),
(1389, 'TICKET_1735131505_829', 'A3', 'CALENDAR_1735121812_291'),
(1390, 'TICKET_1735131505_829', 'A8', 'CALENDAR_1735121812_291'),
(1391, 'TICKET_1735131505_829', 'A9', 'CALENDAR_1735121812_291'),
(1392, 'TICKET_1735131505_829', 'B1', 'CALENDAR_1735121812_291'),
(1393, 'TICKET_1735131505_829', 'B5', 'CALENDAR_1735121812_291'),
(1394, 'TICKET_1735131505_829', 'B6', 'CALENDAR_1735121812_291'),
(1395, 'TICKET_1735131505_829', 'C3', 'CALENDAR_1735121812_291'),
(1396, 'TICKET_1735131505_829', 'C7', 'CALENDAR_1735121812_291'),
(1397, 'TICKET_1735131505_829', 'C8', 'CALENDAR_1735121812_291'),
(1398, 'TICKET_1735131505_829', 'C9', 'CALENDAR_1735121812_291'),
(1399, 'TICKET_1735131505_829', 'D2', 'CALENDAR_1735121812_291'),
(1400, 'TICKET_1735131505_829', 'D3', 'CALENDAR_1735121812_291'),
(1401, 'TICKET_1735131505_829', 'D7', 'CALENDAR_1735121812_291'),
(1402, 'TICKET_1735131505_829', 'D8', 'CALENDAR_1735121812_291'),
(1403, 'TICKET_1735131505_829', 'E10', 'CALENDAR_1735121812_291'),
(1404, 'TICKET_1735131505_829', 'E6', 'CALENDAR_1735121812_291'),
(1405, 'TICKET_1735131505_829', 'F2', 'CALENDAR_1735121812_291'),
(1406, 'TICKET_1735131505_829', 'F4', 'CALENDAR_1735121812_291'),
(1407, 'TICKET_1735131505_829', 'F7', 'CALENDAR_1735121812_291'),
(1408, 'TICKET_1735131505_829', 'F8', 'CALENDAR_1735121812_291'),
(1409, 'TICKET_1735131505_829', 'G3', 'CALENDAR_1735121812_291'),
(1410, 'TICKET_1735131505_829', 'H1', 'CALENDAR_1735121812_291'),
(1411, 'TICKET_1735131505_829', 'H10', 'CALENDAR_1735121812_291'),
(1412, 'TICKET_1735131505_829', 'H5', 'CALENDAR_1735121812_291'),
(1413, 'TICKET_1735131783_113', 'A6', 'CALENDAR_1735123546_851'),
(1414, 'TICKET_1735131783_113', 'A7', 'CALENDAR_1735123546_851'),
(1415, 'TICKET_1735131783_113', 'A8', 'CALENDAR_1735123546_851'),
(1416, 'TICKET_1735131783_113', 'B1', 'CALENDAR_1735123546_851'),
(1417, 'TICKET_1735131783_113', 'B2', 'CALENDAR_1735123546_851'),
(1418, 'TICKET_1735131783_113', 'C4', 'CALENDAR_1735123546_851'),
(1419, 'TICKET_1735131783_113', 'C6', 'CALENDAR_1735123546_851'),
(1420, 'TICKET_1735131783_113', 'D8', 'CALENDAR_1735123546_851'),
(1421, 'TICKET_1735131783_113', 'D9', 'CALENDAR_1735123546_851'),
(1422, 'TICKET_1735131783_113', 'E2', 'CALENDAR_1735123546_851'),
(1423, 'TICKET_1735131783_113', 'E3', 'CALENDAR_1735123546_851'),
(1424, 'TICKET_1735131783_113', 'E8', 'CALENDAR_1735123546_851'),
(1425, 'TICKET_1735131783_113', 'E9', 'CALENDAR_1735123546_851'),
(1426, 'TICKET_1735131783_113', 'F4', 'CALENDAR_1735123546_851'),
(1427, 'TICKET_1735131783_113', 'F5', 'CALENDAR_1735123546_851'),
(1428, 'TICKET_1735131783_113', 'F6', 'CALENDAR_1735123546_851'),
(1429, 'TICKET_1735131783_113', 'H3', 'CALENDAR_1735123546_851'),
(1430, 'TICKET_1735131783_113', 'H4', 'CALENDAR_1735123546_851'),
(1431, 'TICKET_1735131783_113', 'H7', 'CALENDAR_1735123546_851'),
(1432, 'TICKET_1735131783_113', 'H9', 'CALENDAR_1735123546_851'),
(1433, 'TICKET_1735131823_444', 'A3', 'CALENDAR_1735121873_342'),
(1434, 'TICKET_1735131823_444', 'A4', 'CALENDAR_1735121873_342'),
(1435, 'TICKET_1735131823_444', 'A8', 'CALENDAR_1735121873_342'),
(1436, 'TICKET_1735131823_444', 'A9', 'CALENDAR_1735121873_342'),
(1437, 'TICKET_1735131823_444', 'B5', 'CALENDAR_1735121873_342'),
(1438, 'TICKET_1735131823_444', 'B8', 'CALENDAR_1735121873_342'),
(1439, 'TICKET_1735131823_444', 'B9', 'CALENDAR_1735121873_342'),
(1440, 'TICKET_1735131823_444', 'C3', 'CALENDAR_1735121873_342'),
(1441, 'TICKET_1735131823_444', 'C4', 'CALENDAR_1735121873_342'),
(1442, 'TICKET_1735131823_444', 'C7', 'CALENDAR_1735121873_342'),
(1443, 'TICKET_1735131823_444', 'C8', 'CALENDAR_1735121873_342'),
(1444, 'TICKET_1735131823_444', 'C9', 'CALENDAR_1735121873_342'),
(1445, 'TICKET_1735131823_444', 'D3', 'CALENDAR_1735121873_342'),
(1446, 'TICKET_1735131823_444', 'D9', 'CALENDAR_1735121873_342'),
(1447, 'TICKET_1735131823_444', 'E2', 'CALENDAR_1735121873_342'),
(1448, 'TICKET_1735131823_444', 'E5', 'CALENDAR_1735121873_342'),
(1449, 'TICKET_1735131823_444', 'F2', 'CALENDAR_1735121873_342'),
(1450, 'TICKET_1735131823_444', 'F3', 'CALENDAR_1735121873_342'),
(1451, 'TICKET_1735131823_444', 'F7', 'CALENDAR_1735121873_342'),
(1452, 'TICKET_1735131823_444', 'F8', 'CALENDAR_1735121873_342'),
(1453, 'TICKET_1735131823_444', 'G10', 'CALENDAR_1735121873_342'),
(1454, 'TICKET_1735131823_444', 'G2', 'CALENDAR_1735121873_342'),
(1455, 'TICKET_1735131823_444', 'G6', 'CALENDAR_1735121873_342'),
(1456, 'TICKET_1735131823_444', 'G7', 'CALENDAR_1735121873_342'),
(1457, 'TICKET_1735131823_444', 'H1', 'CALENDAR_1735121873_342'),
(1458, 'TICKET_1735131823_444', 'H2', 'CALENDAR_1735121873_342'),
(1459, 'TICKET_1735131823_444', 'H7', 'CALENDAR_1735121873_342'),
(1460, 'TICKET_1735131823_444', 'H8', 'CALENDAR_1735121873_342'),
(1461, 'TICKET_1735131866_938', 'A2', 'CALENDAR_1735122461_571'),
(1462, 'TICKET_1735131866_938', 'A8', 'CALENDAR_1735122461_571'),
(1463, 'TICKET_1735131866_938', 'A9', 'CALENDAR_1735122461_571'),
(1464, 'TICKET_1735131866_938', 'B3', 'CALENDAR_1735122461_571'),
(1465, 'TICKET_1735131866_938', 'B4', 'CALENDAR_1735122461_571'),
(1466, 'TICKET_1735131866_938', 'C3', 'CALENDAR_1735122461_571'),
(1467, 'TICKET_1735131866_938', 'C4', 'CALENDAR_1735122461_571'),
(1468, 'TICKET_1735131866_938', 'C6', 'CALENDAR_1735122461_571'),
(1469, 'TICKET_1735131866_938', 'C7', 'CALENDAR_1735122461_571'),
(1470, 'TICKET_1735131866_938', 'C9', 'CALENDAR_1735122461_571'),
(1471, 'TICKET_1735131866_938', 'D9', 'CALENDAR_1735122461_571'),
(1472, 'TICKET_1735131866_938', 'E2', 'CALENDAR_1735122461_571'),
(1473, 'TICKET_1735131866_938', 'E3', 'CALENDAR_1735122461_571'),
(1474, 'TICKET_1735131866_938', 'E4', 'CALENDAR_1735122461_571'),
(1475, 'TICKET_1735131866_938', 'E9', 'CALENDAR_1735122461_571'),
(1476, 'TICKET_1735131866_938', 'F7', 'CALENDAR_1735122461_571'),
(1477, 'TICKET_1735131866_938', 'G3', 'CALENDAR_1735122461_571'),
(1478, 'TICKET_1735131866_938', 'G4', 'CALENDAR_1735122461_571'),
(1479, 'TICKET_1735131866_938', 'G7', 'CALENDAR_1735122461_571'),
(1480, 'TICKET_1735131866_938', 'G8', 'CALENDAR_1735122461_571'),
(1481, 'TICKET_1735131866_938', 'H10', 'CALENDAR_1735122461_571'),
(1482, 'TICKET_1735131866_938', 'H2', 'CALENDAR_1735122461_571'),
(1483, 'TICKET_1735131866_938', 'H3', 'CALENDAR_1735122461_571'),
(1484, 'TICKET_1735131866_938', 'H4', 'CALENDAR_1735122461_571'),
(1485, 'TICKET_1735131931_457', 'A10', 'CALENDAR_1735122853_839'),
(1486, 'TICKET_1735131931_457', 'A2', 'CALENDAR_1735122853_839'),
(1487, 'TICKET_1735131931_457', 'A4', 'CALENDAR_1735122853_839'),
(1488, 'TICKET_1735131931_457', 'A7', 'CALENDAR_1735122853_839'),
(1489, 'TICKET_1735131931_457', 'A8', 'CALENDAR_1735122853_839'),
(1490, 'TICKET_1735131931_457', 'B2', 'CALENDAR_1735122853_839'),
(1491, 'TICKET_1735131931_457', 'B3', 'CALENDAR_1735122853_839'),
(1492, 'TICKET_1735131931_457', 'B7', 'CALENDAR_1735122853_839'),
(1493, 'TICKET_1735131931_457', 'B8', 'CALENDAR_1735122853_839'),
(1494, 'TICKET_1735131931_457', 'C3', 'CALENDAR_1735122853_839'),
(1495, 'TICKET_1735131931_457', 'C4', 'CALENDAR_1735122853_839'),
(1496, 'TICKET_1735131931_457', 'C6', 'CALENDAR_1735122853_839'),
(1497, 'TICKET_1735131931_457', 'C9', 'CALENDAR_1735122853_839'),
(1498, 'TICKET_1735131931_457', 'D1', 'CALENDAR_1735122853_839'),
(1499, 'TICKET_1735131931_457', 'D4', 'CALENDAR_1735122853_839'),
(1500, 'TICKET_1735131931_457', 'D9', 'CALENDAR_1735122853_839'),
(1501, 'TICKET_1735131931_457', 'E1', 'CALENDAR_1735122853_839'),
(1502, 'TICKET_1735131931_457', 'E3', 'CALENDAR_1735122853_839'),
(1503, 'TICKET_1735131931_457', 'E6', 'CALENDAR_1735122853_839'),
(1504, 'TICKET_1735131931_457', 'E8', 'CALENDAR_1735122853_839'),
(1505, 'TICKET_1735131931_457', 'F2', 'CALENDAR_1735122853_839'),
(1506, 'TICKET_1735131931_457', 'F3', 'CALENDAR_1735122853_839'),
(1507, 'TICKET_1735131931_457', 'F8', 'CALENDAR_1735122853_839'),
(1508, 'TICKET_1735131931_457', 'F9', 'CALENDAR_1735122853_839'),
(1509, 'TICKET_1735131931_457', 'G3', 'CALENDAR_1735122853_839'),
(1510, 'TICKET_1735131931_457', 'G4', 'CALENDAR_1735122853_839'),
(1511, 'TICKET_1735131931_457', 'G6', 'CALENDAR_1735122853_839'),
(1512, 'TICKET_1735131931_457', 'G9', 'CALENDAR_1735122853_839'),
(1513, 'TICKET_1735131931_457', 'H10', 'CALENDAR_1735122853_839'),
(1514, 'TICKET_1735131931_457', 'H2', 'CALENDAR_1735122853_839'),
(1515, 'TICKET_1735131931_457', 'H7', 'CALENDAR_1735122853_839'),
(1516, 'TICKET_1735131931_457', 'H9', 'CALENDAR_1735122853_839'),
(1517, 'TICKET_1735131973_140', 'A1', 'CALENDAR_1735124007_539'),
(1518, 'TICKET_1735131973_140', 'A2', 'CALENDAR_1735124007_539'),
(1519, 'TICKET_1735131973_140', 'A8', 'CALENDAR_1735124007_539'),
(1520, 'TICKET_1735131973_140', 'A9', 'CALENDAR_1735124007_539'),
(1521, 'TICKET_1735131973_140', 'B3', 'CALENDAR_1735124007_539'),
(1522, 'TICKET_1735131973_140', 'B4', 'CALENDAR_1735124007_539'),
(1523, 'TICKET_1735131973_140', 'C10', 'CALENDAR_1735124007_539'),
(1524, 'TICKET_1735131973_140', 'C4', 'CALENDAR_1735124007_539'),
(1525, 'TICKET_1735131973_140', 'C7', 'CALENDAR_1735124007_539'),
(1526, 'TICKET_1735131973_140', 'C8', 'CALENDAR_1735124007_539'),
(1527, 'TICKET_1735131973_140', 'D10', 'CALENDAR_1735124007_539'),
(1528, 'TICKET_1735131973_140', 'D5', 'CALENDAR_1735124007_539'),
(1529, 'TICKET_1735131973_140', 'D8', 'CALENDAR_1735124007_539'),
(1530, 'TICKET_1735131973_140', 'E3', 'CALENDAR_1735124007_539'),
(1531, 'TICKET_1735131973_140', 'E8', 'CALENDAR_1735124007_539'),
(1532, 'TICKET_1735131973_140', 'F2', 'CALENDAR_1735124007_539'),
(1533, 'TICKET_1735131973_140', 'F7', 'CALENDAR_1735124007_539'),
(1534, 'TICKET_1735131973_140', 'F8', 'CALENDAR_1735124007_539'),
(1535, 'TICKET_1735131973_140', 'F9', 'CALENDAR_1735124007_539'),
(1536, 'TICKET_1735131973_140', 'G4', 'CALENDAR_1735124007_539'),
(1537, 'TICKET_1735131973_140', 'G5', 'CALENDAR_1735124007_539'),
(1538, 'TICKET_1735131973_140', 'G8', 'CALENDAR_1735124007_539'),
(1539, 'TICKET_1735131973_140', 'H10', 'CALENDAR_1735124007_539'),
(1540, 'TICKET_1735131973_140', 'H4', 'CALENDAR_1735124007_539'),
(1541, 'TICKET_1735131973_140', 'H5', 'CALENDAR_1735124007_539'),
(1542, 'TICKET_1735131973_140', 'H9', 'CALENDAR_1735124007_539'),
(1543, 'TICKET_1735132044_560', 'A1', 'CALENDAR_1735121794_373'),
(1544, 'TICKET_1735132044_560', 'A5', 'CALENDAR_1735121794_373'),
(1545, 'TICKET_1735132044_560', 'A6', 'CALENDAR_1735121794_373'),
(1546, 'TICKET_1735132044_560', 'B2', 'CALENDAR_1735121794_373'),
(1547, 'TICKET_1735132044_560', 'B3', 'CALENDAR_1735121794_373'),
(1548, 'TICKET_1735132044_560', 'B4', 'CALENDAR_1735121794_373'),
(1549, 'TICKET_1735132044_560', 'B6', 'CALENDAR_1735121794_373'),
(1550, 'TICKET_1735132044_560', 'C9', 'CALENDAR_1735121794_373'),
(1551, 'TICKET_1735132044_560', 'D1', 'CALENDAR_1735121794_373'),
(1552, 'TICKET_1735132044_560', 'D3', 'CALENDAR_1735121794_373'),
(1553, 'TICKET_1735132044_560', 'D6', 'CALENDAR_1735121794_373'),
(1554, 'TICKET_1735132044_560', 'E2', 'CALENDAR_1735121794_373'),
(1555, 'TICKET_1735132044_560', 'E8', 'CALENDAR_1735121794_373'),
(1556, 'TICKET_1735132044_560', 'F3', 'CALENDAR_1735121794_373'),
(1557, 'TICKET_1735132044_560', 'F4', 'CALENDAR_1735121794_373'),
(1558, 'TICKET_1735132044_560', 'F6', 'CALENDAR_1735121794_373'),
(1559, 'TICKET_1735132044_560', 'F8', 'CALENDAR_1735121794_373'),
(1560, 'TICKET_1735132044_560', 'G3', 'CALENDAR_1735121794_373'),
(1561, 'TICKET_1735132044_560', 'H10', 'CALENDAR_1735121794_373'),
(1562, 'TICKET_1735132044_560', 'H3', 'CALENDAR_1735121794_373'),
(1563, 'TICKET_1735132044_560', 'H6', 'CALENDAR_1735121794_373'),
(1564, 'TICKET_1735132044_560', 'H9', 'CALENDAR_1735121794_373'),
(1565, 'TICKET_1735132228_682', 'A10', 'CALENDAR_1735122325_299'),
(1566, 'TICKET_1735132228_682', 'A3', 'CALENDAR_1735122325_299'),
(1567, 'TICKET_1735132228_682', 'A4', 'CALENDAR_1735122325_299'),
(1568, 'TICKET_1735132228_682', 'A8', 'CALENDAR_1735122325_299'),
(1569, 'TICKET_1735132228_682', 'A9', 'CALENDAR_1735122325_299'),
(1570, 'TICKET_1735132228_682', 'C2', 'CALENDAR_1735122325_299'),
(1571, 'TICKET_1735132228_682', 'C4', 'CALENDAR_1735122325_299'),
(1572, 'TICKET_1735132228_682', 'C5', 'CALENDAR_1735122325_299'),
(1573, 'TICKET_1735132228_682', 'C7', 'CALENDAR_1735122325_299'),
(1574, 'TICKET_1735132228_682', 'C8', 'CALENDAR_1735122325_299'),
(1575, 'TICKET_1735132228_682', 'D7', 'CALENDAR_1735122325_299'),
(1576, 'TICKET_1735132228_682', 'D8', 'CALENDAR_1735122325_299'),
(1577, 'TICKET_1735132228_682', 'F2', 'CALENDAR_1735122325_299'),
(1578, 'TICKET_1735132228_682', 'F3', 'CALENDAR_1735122325_299'),
(1579, 'TICKET_1735132228_682', 'F7', 'CALENDAR_1735122325_299'),
(1580, 'TICKET_1735132228_682', 'F8', 'CALENDAR_1735122325_299'),
(1581, 'TICKET_1735132228_682', 'G2', 'CALENDAR_1735122325_299'),
(1582, 'TICKET_1735132228_682', 'G4', 'CALENDAR_1735122325_299'),
(1583, 'TICKET_1735132228_682', 'G7', 'CALENDAR_1735122325_299'),
(1584, 'TICKET_1735132228_682', 'H10', 'CALENDAR_1735122325_299'),
(1585, 'TICKET_1735132228_682', 'H4', 'CALENDAR_1735122325_299'),
(1586, 'TICKET_1735132228_682', 'H9', 'CALENDAR_1735122325_299'),
(1587, 'TICKET_1735132304_098', 'A5', 'CALENDAR_1735122336_970'),
(1588, 'TICKET_1735132304_098', 'A6', 'CALENDAR_1735122336_970'),
(1589, 'TICKET_1735132304_098', 'B2', 'CALENDAR_1735122336_970'),
(1590, 'TICKET_1735132304_098', 'B6', 'CALENDAR_1735122336_970'),
(1591, 'TICKET_1735132304_098', 'B7', 'CALENDAR_1735122336_970'),
(1592, 'TICKET_1735132304_098', 'C1', 'CALENDAR_1735122336_970'),
(1593, 'TICKET_1735132304_098', 'D1', 'CALENDAR_1735122336_970'),
(1594, 'TICKET_1735132304_098', 'D4', 'CALENDAR_1735122336_970'),
(1595, 'TICKET_1735132304_098', 'D5', 'CALENDAR_1735122336_970'),
(1596, 'TICKET_1735132304_098', 'D8', 'CALENDAR_1735122336_970'),
(1597, 'TICKET_1735132304_098', 'D9', 'CALENDAR_1735122336_970'),
(1598, 'TICKET_1735132304_098', 'E2', 'CALENDAR_1735122336_970'),
(1599, 'TICKET_1735132304_098', 'E3', 'CALENDAR_1735122336_970'),
(1600, 'TICKET_1735132304_098', 'E9', 'CALENDAR_1735122336_970'),
(1601, 'TICKET_1735132304_098', 'F3', 'CALENDAR_1735122336_970'),
(1602, 'TICKET_1735132304_098', 'F6', 'CALENDAR_1735122336_970'),
(1603, 'TICKET_1735132304_098', 'F7', 'CALENDAR_1735122336_970'),
(1604, 'TICKET_1735132304_098', 'G1', 'CALENDAR_1735122336_970'),
(1605, 'TICKET_1735132304_098', 'G10', 'CALENDAR_1735122336_970'),
(1606, 'TICKET_1735132304_098', 'G6', 'CALENDAR_1735122336_970'),
(1607, 'TICKET_1735132304_098', 'G7', 'CALENDAR_1735122336_970'),
(1608, 'TICKET_1735132304_098', 'G9', 'CALENDAR_1735122336_970'),
(1609, 'TICKET_1735132304_098', 'H1', 'CALENDAR_1735122336_970');
INSERT INTO `seat` (`id`, `idTicket`, `location`, `idCalendar`) VALUES
(1610, 'TICKET_1735132304_098', 'H10', 'CALENDAR_1735122336_970'),
(1611, 'TICKET_1735132304_098', 'H2', 'CALENDAR_1735122336_970'),
(1612, 'TICKET_1735132304_098', 'H3', 'CALENDAR_1735122336_970'),
(1613, 'TICKET_1735132304_098', 'H4', 'CALENDAR_1735122336_970'),
(1614, 'TICKET_1735132304_098', 'H9', 'CALENDAR_1735122336_970'),
(1615, 'TICKET_1735132371_330', 'A1', 'CALENDAR_1735123729_522'),
(1616, 'TICKET_1735132371_330', 'A3', 'CALENDAR_1735123729_522'),
(1617, 'TICKET_1735132371_330', 'A7', 'CALENDAR_1735123729_522'),
(1618, 'TICKET_1735132371_330', 'A8', 'CALENDAR_1735123729_522'),
(1619, 'TICKET_1735132371_330', 'B2', 'CALENDAR_1735123729_522'),
(1620, 'TICKET_1735132371_330', 'B3', 'CALENDAR_1735123729_522'),
(1621, 'TICKET_1735132371_330', 'C3', 'CALENDAR_1735123729_522'),
(1622, 'TICKET_1735132371_330', 'C6', 'CALENDAR_1735123729_522'),
(1623, 'TICKET_1735132371_330', 'C8', 'CALENDAR_1735123729_522'),
(1624, 'TICKET_1735132371_330', 'D5', 'CALENDAR_1735123729_522'),
(1625, 'TICKET_1735132371_330', 'D9', 'CALENDAR_1735123729_522'),
(1626, 'TICKET_1735132371_330', 'E2', 'CALENDAR_1735123729_522'),
(1627, 'TICKET_1735132371_330', 'E3', 'CALENDAR_1735123729_522'),
(1628, 'TICKET_1735132371_330', 'E8', 'CALENDAR_1735123729_522'),
(1629, 'TICKET_1735132371_330', 'F2', 'CALENDAR_1735123729_522'),
(1630, 'TICKET_1735132371_330', 'F3', 'CALENDAR_1735123729_522'),
(1631, 'TICKET_1735132371_330', 'F8', 'CALENDAR_1735123729_522'),
(1632, 'TICKET_1735132371_330', 'F9', 'CALENDAR_1735123729_522'),
(1633, 'TICKET_1735132371_330', 'G4', 'CALENDAR_1735123729_522'),
(1634, 'TICKET_1735132371_330', 'G5', 'CALENDAR_1735123729_522'),
(1635, 'TICKET_1735132371_330', 'G7', 'CALENDAR_1735123729_522'),
(1636, 'TICKET_1735132371_330', 'H2', 'CALENDAR_1735123729_522'),
(1637, 'TICKET_1735132371_330', 'H8', 'CALENDAR_1735123729_522'),
(1638, 'TICKET_1735132371_330', 'H9', 'CALENDAR_1735123729_522'),
(1639, 'TICKET_1735132435_009', 'A5', 'CALENDAR_1735121781_848'),
(1640, 'TICKET_1735132435_009', 'A7', 'CALENDAR_1735121781_848'),
(1641, 'TICKET_1735132435_009', 'B2', 'CALENDAR_1735121781_848'),
(1642, 'TICKET_1735132435_009', 'B4', 'CALENDAR_1735121781_848'),
(1643, 'TICKET_1735132435_009', 'B7', 'CALENDAR_1735121781_848'),
(1644, 'TICKET_1735132435_009', 'B9', 'CALENDAR_1735121781_848'),
(1645, 'TICKET_1735132435_009', 'C3', 'CALENDAR_1735121781_848'),
(1646, 'TICKET_1735132435_009', 'C9', 'CALENDAR_1735121781_848'),
(1647, 'TICKET_1735132435_009', 'D3', 'CALENDAR_1735121781_848'),
(1648, 'TICKET_1735132435_009', 'D6', 'CALENDAR_1735121781_848'),
(1649, 'TICKET_1735132435_009', 'D7', 'CALENDAR_1735121781_848'),
(1650, 'TICKET_1735132435_009', 'D8', 'CALENDAR_1735121781_848'),
(1651, 'TICKET_1735132435_009', 'E10', 'CALENDAR_1735121781_848'),
(1652, 'TICKET_1735132435_009', 'F1', 'CALENDAR_1735121781_848'),
(1653, 'TICKET_1735132435_009', 'F10', 'CALENDAR_1735121781_848'),
(1654, 'TICKET_1735132435_009', 'F3', 'CALENDAR_1735121781_848'),
(1655, 'TICKET_1735132435_009', 'F7', 'CALENDAR_1735121781_848'),
(1656, 'TICKET_1735132435_009', 'G1', 'CALENDAR_1735121781_848'),
(1657, 'TICKET_1735132435_009', 'G10', 'CALENDAR_1735121781_848'),
(1658, 'TICKET_1735132435_009', 'G5', 'CALENDAR_1735121781_848'),
(1659, 'TICKET_1735132435_009', 'G8', 'CALENDAR_1735121781_848'),
(1660, 'TICKET_1735132435_009', 'H2', 'CALENDAR_1735121781_848'),
(1661, 'TICKET_1735132435_009', 'H5', 'CALENDAR_1735121781_848'),
(1662, 'TICKET_1735132435_009', 'H6', 'CALENDAR_1735121781_848'),
(1663, 'TICKET_1735132435_009', 'H9', 'CALENDAR_1735121781_848'),
(1664, 'TICKET_1735132490_923', 'A10', 'CALENDAR_1735121479_368'),
(1665, 'TICKET_1735132490_923', 'A4', 'CALENDAR_1735121479_368'),
(1666, 'TICKET_1735132490_923', 'A5', 'CALENDAR_1735121479_368'),
(1667, 'TICKET_1735132490_923', 'B2', 'CALENDAR_1735121479_368'),
(1668, 'TICKET_1735132490_923', 'B4', 'CALENDAR_1735121479_368'),
(1669, 'TICKET_1735132490_923', 'B6', 'CALENDAR_1735121479_368'),
(1670, 'TICKET_1735132490_923', 'B7', 'CALENDAR_1735121479_368'),
(1671, 'TICKET_1735132490_923', 'B8', 'CALENDAR_1735121479_368'),
(1672, 'TICKET_1735132490_923', 'C10', 'CALENDAR_1735121479_368'),
(1673, 'TICKET_1735132490_923', 'C2', 'CALENDAR_1735121479_368'),
(1674, 'TICKET_1735132490_923', 'C7', 'CALENDAR_1735121479_368'),
(1675, 'TICKET_1735132490_923', 'D2', 'CALENDAR_1735121479_368'),
(1676, 'TICKET_1735132490_923', 'D5', 'CALENDAR_1735121479_368'),
(1677, 'TICKET_1735132490_923', 'D7', 'CALENDAR_1735121479_368'),
(1678, 'TICKET_1735132490_923', 'E1', 'CALENDAR_1735121479_368'),
(1679, 'TICKET_1735132490_923', 'E10', 'CALENDAR_1735121479_368'),
(1680, 'TICKET_1735132490_923', 'E3', 'CALENDAR_1735121479_368'),
(1681, 'TICKET_1735132490_923', 'E7', 'CALENDAR_1735121479_368'),
(1682, 'TICKET_1735132490_923', 'E8', 'CALENDAR_1735121479_368'),
(1683, 'TICKET_1735132490_923', 'F2', 'CALENDAR_1735121479_368'),
(1684, 'TICKET_1735132490_923', 'F3', 'CALENDAR_1735121479_368'),
(1685, 'TICKET_1735132490_923', 'F5', 'CALENDAR_1735121479_368'),
(1686, 'TICKET_1735132490_923', 'F7', 'CALENDAR_1735121479_368'),
(1687, 'TICKET_1735132490_923', 'F8', 'CALENDAR_1735121479_368'),
(1688, 'TICKET_1735132490_923', 'G3', 'CALENDAR_1735121479_368'),
(1689, 'TICKET_1735132490_923', 'G6', 'CALENDAR_1735121479_368'),
(1690, 'TICKET_1735132490_923', 'G8', 'CALENDAR_1735121479_368'),
(1691, 'TICKET_1735132490_923', 'H3', 'CALENDAR_1735121479_368'),
(1692, 'TICKET_1735132490_923', 'H7', 'CALENDAR_1735121479_368'),
(1693, 'TICKET_1735132490_923', 'H9', 'CALENDAR_1735121479_368'),
(1694, 'TICKET_1735132553_318', 'A5', 'CALENDAR_1735123825_480'),
(1695, 'TICKET_1735132553_318', 'A6', 'CALENDAR_1735123825_480'),
(1696, 'TICKET_1735132553_318', 'B2', 'CALENDAR_1735123825_480'),
(1697, 'TICKET_1735132553_318', 'B3', 'CALENDAR_1735123825_480'),
(1698, 'TICKET_1735132553_318', 'B7', 'CALENDAR_1735123825_480'),
(1699, 'TICKET_1735132553_318', 'B8', 'CALENDAR_1735123825_480'),
(1700, 'TICKET_1735132553_318', 'C10', 'CALENDAR_1735123825_480'),
(1701, 'TICKET_1735132553_318', 'C4', 'CALENDAR_1735123825_480'),
(1702, 'TICKET_1735132553_318', 'C6', 'CALENDAR_1735123825_480'),
(1703, 'TICKET_1735132553_318', 'D10', 'CALENDAR_1735123825_480'),
(1704, 'TICKET_1735132553_318', 'D2', 'CALENDAR_1735123825_480'),
(1705, 'TICKET_1735132553_318', 'D3', 'CALENDAR_1735123825_480'),
(1706, 'TICKET_1735132553_318', 'D4', 'CALENDAR_1735123825_480'),
(1707, 'TICKET_1735132553_318', 'D7', 'CALENDAR_1735123825_480'),
(1708, 'TICKET_1735132553_318', 'E10', 'CALENDAR_1735123825_480'),
(1709, 'TICKET_1735132553_318', 'E3', 'CALENDAR_1735123825_480'),
(1710, 'TICKET_1735132553_318', 'F2', 'CALENDAR_1735123825_480'),
(1711, 'TICKET_1735132553_318', 'F6', 'CALENDAR_1735123825_480'),
(1712, 'TICKET_1735132553_318', 'F7', 'CALENDAR_1735123825_480'),
(1713, 'TICKET_1735132553_318', 'F9', 'CALENDAR_1735123825_480'),
(1714, 'TICKET_1735132553_318', 'G1', 'CALENDAR_1735123825_480'),
(1715, 'TICKET_1735132553_318', 'G5', 'CALENDAR_1735123825_480'),
(1716, 'TICKET_1735132553_318', 'G6', 'CALENDAR_1735123825_480'),
(1717, 'TICKET_1735132553_318', 'H2', 'CALENDAR_1735123825_480'),
(1718, 'TICKET_1735132553_318', 'H3', 'CALENDAR_1735123825_480'),
(1719, 'TICKET_1735132553_318', 'H8', 'CALENDAR_1735123825_480'),
(1720, 'TICKET_1735132553_318', 'H9', 'CALENDAR_1735123825_480'),
(1721, 'TICKET_1735132605_615', 'A2', 'CALENDAR_1735122993_618'),
(1722, 'TICKET_1735132605_615', 'A5', 'CALENDAR_1735122993_618'),
(1723, 'TICKET_1735132605_615', 'A6', 'CALENDAR_1735122993_618'),
(1724, 'TICKET_1735132605_615', 'A8', 'CALENDAR_1735122993_618'),
(1725, 'TICKET_1735132605_615', 'A9', 'CALENDAR_1735122993_618'),
(1726, 'TICKET_1735132605_615', 'B4', 'CALENDAR_1735122993_618'),
(1727, 'TICKET_1735132605_615', 'C2', 'CALENDAR_1735122993_618'),
(1728, 'TICKET_1735132605_615', 'C6', 'CALENDAR_1735122993_618'),
(1729, 'TICKET_1735132605_615', 'C8', 'CALENDAR_1735122993_618'),
(1730, 'TICKET_1735132605_615', 'C9', 'CALENDAR_1735122993_618'),
(1731, 'TICKET_1735132605_615', 'D3', 'CALENDAR_1735122993_618'),
(1732, 'TICKET_1735132605_615', 'D6', 'CALENDAR_1735122993_618'),
(1733, 'TICKET_1735132605_615', 'D7', 'CALENDAR_1735122993_618'),
(1734, 'TICKET_1735132605_615', 'E1', 'CALENDAR_1735122993_618'),
(1735, 'TICKET_1735132605_615', 'E10', 'CALENDAR_1735122993_618'),
(1736, 'TICKET_1735132605_615', 'E2', 'CALENDAR_1735122993_618'),
(1737, 'TICKET_1735132605_615', 'E8', 'CALENDAR_1735122993_618'),
(1738, 'TICKET_1735132605_615', 'F10', 'CALENDAR_1735122993_618'),
(1739, 'TICKET_1735132605_615', 'F2', 'CALENDAR_1735122993_618'),
(1740, 'TICKET_1735132605_615', 'F5', 'CALENDAR_1735122993_618'),
(1741, 'TICKET_1735132605_615', 'G10', 'CALENDAR_1735122993_618'),
(1742, 'TICKET_1735132605_615', 'G2', 'CALENDAR_1735122993_618'),
(1743, 'TICKET_1735132605_615', 'G3', 'CALENDAR_1735122993_618'),
(1744, 'TICKET_1735132605_615', 'G7', 'CALENDAR_1735122993_618'),
(1745, 'TICKET_1735132605_615', 'H1', 'CALENDAR_1735122993_618'),
(1746, 'TICKET_1735132605_615', 'H2', 'CALENDAR_1735122993_618'),
(1747, 'TICKET_1735132605_615', 'H4', 'CALENDAR_1735122993_618'),
(1748, 'TICKET_1735132605_615', 'H7', 'CALENDAR_1735122993_618'),
(1749, 'TICKET_1735132605_615', 'H9', 'CALENDAR_1735122993_618'),
(1750, 'TICKET_1735132667_954', 'A1', 'CALENDAR_1735122803_097'),
(1751, 'TICKET_1735132667_954', 'A3', 'CALENDAR_1735122803_097'),
(1752, 'TICKET_1735132667_954', 'A6', 'CALENDAR_1735122803_097'),
(1753, 'TICKET_1735132667_954', 'A7', 'CALENDAR_1735122803_097'),
(1754, 'TICKET_1735132667_954', 'B10', 'CALENDAR_1735122803_097'),
(1755, 'TICKET_1735132667_954', 'B3', 'CALENDAR_1735122803_097'),
(1756, 'TICKET_1735132667_954', 'B4', 'CALENDAR_1735122803_097'),
(1757, 'TICKET_1735132667_954', 'B8', 'CALENDAR_1735122803_097'),
(1758, 'TICKET_1735132667_954', 'C1', 'CALENDAR_1735122803_097'),
(1759, 'TICKET_1735132667_954', 'C10', 'CALENDAR_1735122803_097'),
(1760, 'TICKET_1735132667_954', 'C6', 'CALENDAR_1735122803_097'),
(1761, 'TICKET_1735132667_954', 'C8', 'CALENDAR_1735122803_097'),
(1762, 'TICKET_1735132667_954', 'D4', 'CALENDAR_1735122803_097'),
(1763, 'TICKET_1735132667_954', 'D6', 'CALENDAR_1735122803_097'),
(1764, 'TICKET_1735132667_954', 'D8', 'CALENDAR_1735122803_097'),
(1765, 'TICKET_1735132667_954', 'E4', 'CALENDAR_1735122803_097'),
(1766, 'TICKET_1735132667_954', 'E5', 'CALENDAR_1735122803_097'),
(1767, 'TICKET_1735132667_954', 'F2', 'CALENDAR_1735122803_097'),
(1768, 'TICKET_1735132667_954', 'F4', 'CALENDAR_1735122803_097'),
(1769, 'TICKET_1735132667_954', 'F5', 'CALENDAR_1735122803_097'),
(1770, 'TICKET_1735132667_954', 'F9', 'CALENDAR_1735122803_097'),
(1771, 'TICKET_1735132667_954', 'G2', 'CALENDAR_1735122803_097'),
(1772, 'TICKET_1735132667_954', 'G9', 'CALENDAR_1735122803_097'),
(1773, 'TICKET_1735132667_954', 'H1', 'CALENDAR_1735122803_097'),
(1774, 'TICKET_1735132667_954', 'H10', 'CALENDAR_1735122803_097'),
(1775, 'TICKET_1735132667_954', 'H3', 'CALENDAR_1735122803_097'),
(1776, 'TICKET_1735132667_954', 'H4', 'CALENDAR_1735122803_097'),
(1777, 'TICKET_1735132667_954', 'H8', 'CALENDAR_1735122803_097'),
(1778, 'TICKET_1735132726_762', 'A2', 'CALENDAR_1735123012_547'),
(1779, 'TICKET_1735132726_762', 'A4', 'CALENDAR_1735123012_547'),
(1780, 'TICKET_1735132726_762', 'A8', 'CALENDAR_1735123012_547'),
(1781, 'TICKET_1735132726_762', 'B5', 'CALENDAR_1735123012_547'),
(1782, 'TICKET_1735132726_762', 'B6', 'CALENDAR_1735123012_547'),
(1783, 'TICKET_1735132726_762', 'B8', 'CALENDAR_1735123012_547'),
(1784, 'TICKET_1735132726_762', 'B9', 'CALENDAR_1735123012_547'),
(1785, 'TICKET_1735132726_762', 'C10', 'CALENDAR_1735123012_547'),
(1786, 'TICKET_1735132726_762', 'C2', 'CALENDAR_1735123012_547'),
(1787, 'TICKET_1735132726_762', 'C3', 'CALENDAR_1735123012_547'),
(1788, 'TICKET_1735132726_762', 'D3', 'CALENDAR_1735123012_547'),
(1789, 'TICKET_1735132726_762', 'D7', 'CALENDAR_1735123012_547'),
(1790, 'TICKET_1735132726_762', 'E10', 'CALENDAR_1735123012_547'),
(1791, 'TICKET_1735132726_762', 'E3', 'CALENDAR_1735123012_547'),
(1792, 'TICKET_1735132726_762', 'E4', 'CALENDAR_1735123012_547'),
(1793, 'TICKET_1735132726_762', 'E6', 'CALENDAR_1735123012_547'),
(1794, 'TICKET_1735132726_762', 'E8', 'CALENDAR_1735123012_547'),
(1795, 'TICKET_1735132726_762', 'F2', 'CALENDAR_1735123012_547'),
(1796, 'TICKET_1735132726_762', 'F7', 'CALENDAR_1735123012_547'),
(1797, 'TICKET_1735132726_762', 'F9', 'CALENDAR_1735123012_547'),
(1798, 'TICKET_1735132726_762', 'G2', 'CALENDAR_1735123012_547'),
(1799, 'TICKET_1735132726_762', 'G6', 'CALENDAR_1735123012_547'),
(1800, 'TICKET_1735132726_762', 'G8', 'CALENDAR_1735123012_547'),
(1801, 'TICKET_1735132726_762', 'H3', 'CALENDAR_1735123012_547'),
(1802, 'TICKET_1735132726_762', 'H4', 'CALENDAR_1735123012_547'),
(1803, 'TICKET_1735132726_762', 'H9', 'CALENDAR_1735123012_547'),
(1804, 'TICKET_1735132791_533', 'A1', 'CALENDAR_1735121509_237'),
(1805, 'TICKET_1735132791_533', 'A5', 'CALENDAR_1735121509_237'),
(1806, 'TICKET_1735132791_533', 'A8', 'CALENDAR_1735121509_237'),
(1807, 'TICKET_1735132791_533', 'B1', 'CALENDAR_1735121509_237'),
(1808, 'TICKET_1735132791_533', 'B2', 'CALENDAR_1735121509_237'),
(1809, 'TICKET_1735132791_533', 'B6', 'CALENDAR_1735121509_237'),
(1810, 'TICKET_1735132791_533', 'C3', 'CALENDAR_1735121509_237'),
(1811, 'TICKET_1735132791_533', 'C4', 'CALENDAR_1735121509_237'),
(1812, 'TICKET_1735132791_533', 'C7', 'CALENDAR_1735121509_237'),
(1813, 'TICKET_1735132791_533', 'C9', 'CALENDAR_1735121509_237'),
(1814, 'TICKET_1735132791_533', 'D2', 'CALENDAR_1735121509_237'),
(1815, 'TICKET_1735132791_533', 'D3', 'CALENDAR_1735121509_237'),
(1816, 'TICKET_1735132791_533', 'D4', 'CALENDAR_1735121509_237'),
(1817, 'TICKET_1735132791_533', 'D7', 'CALENDAR_1735121509_237'),
(1818, 'TICKET_1735132791_533', 'E2', 'CALENDAR_1735121509_237'),
(1819, 'TICKET_1735132791_533', 'E6', 'CALENDAR_1735121509_237'),
(1820, 'TICKET_1735132791_533', 'E7', 'CALENDAR_1735121509_237'),
(1821, 'TICKET_1735132791_533', 'E9', 'CALENDAR_1735121509_237'),
(1822, 'TICKET_1735132791_533', 'F10', 'CALENDAR_1735121509_237'),
(1823, 'TICKET_1735132791_533', 'F3', 'CALENDAR_1735121509_237'),
(1824, 'TICKET_1735132791_533', 'F4', 'CALENDAR_1735121509_237'),
(1825, 'TICKET_1735132791_533', 'F8', 'CALENDAR_1735121509_237'),
(1826, 'TICKET_1735132791_533', 'G3', 'CALENDAR_1735121509_237'),
(1827, 'TICKET_1735132791_533', 'G4', 'CALENDAR_1735121509_237'),
(1828, 'TICKET_1735132791_533', 'G8', 'CALENDAR_1735121509_237'),
(1829, 'TICKET_1735132791_533', 'G9', 'CALENDAR_1735121509_237'),
(1830, 'TICKET_1735132791_533', 'H2', 'CALENDAR_1735121509_237'),
(1831, 'TICKET_1735132791_533', 'H5', 'CALENDAR_1735121509_237'),
(1832, 'TICKET_1735132791_533', 'H6', 'CALENDAR_1735121509_237'),
(1833, 'TICKET_1735132791_533', 'H8', 'CALENDAR_1735121509_237'),
(1834, 'TICKET_1735132791_533', 'H9', 'CALENDAR_1735121509_237'),
(1835, 'TICKET_1735132841_236', 'A1', 'CALENDAR_1735122967_292'),
(1836, 'TICKET_1735132841_236', 'A10', 'CALENDAR_1735122967_292'),
(1837, 'TICKET_1735132841_236', 'A2', 'CALENDAR_1735122967_292'),
(1838, 'TICKET_1735132841_236', 'A7', 'CALENDAR_1735122967_292'),
(1839, 'TICKET_1735132841_236', 'A8', 'CALENDAR_1735122967_292'),
(1840, 'TICKET_1735132841_236', 'B3', 'CALENDAR_1735122967_292'),
(1841, 'TICKET_1735132841_236', 'B4', 'CALENDAR_1735122967_292'),
(1842, 'TICKET_1735132841_236', 'C1', 'CALENDAR_1735122967_292'),
(1843, 'TICKET_1735132841_236', 'C2', 'CALENDAR_1735122967_292'),
(1844, 'TICKET_1735132841_236', 'C5', 'CALENDAR_1735122967_292'),
(1845, 'TICKET_1735132841_236', 'C6', 'CALENDAR_1735122967_292'),
(1846, 'TICKET_1735132841_236', 'D7', 'CALENDAR_1735122967_292'),
(1847, 'TICKET_1735132841_236', 'E2', 'CALENDAR_1735122967_292'),
(1848, 'TICKET_1735132841_236', 'E3', 'CALENDAR_1735122967_292'),
(1849, 'TICKET_1735132841_236', 'E4', 'CALENDAR_1735122967_292'),
(1850, 'TICKET_1735132841_236', 'E5', 'CALENDAR_1735122967_292'),
(1851, 'TICKET_1735132841_236', 'E9', 'CALENDAR_1735122967_292'),
(1852, 'TICKET_1735132841_236', 'F2', 'CALENDAR_1735122967_292'),
(1853, 'TICKET_1735132841_236', 'F3', 'CALENDAR_1735122967_292'),
(1854, 'TICKET_1735132841_236', 'F8', 'CALENDAR_1735122967_292'),
(1855, 'TICKET_1735132841_236', 'F9', 'CALENDAR_1735122967_292'),
(1856, 'TICKET_1735132841_236', 'G5', 'CALENDAR_1735122967_292'),
(1857, 'TICKET_1735132841_236', 'G7', 'CALENDAR_1735122967_292'),
(1858, 'TICKET_1735132841_236', 'H1', 'CALENDAR_1735122967_292'),
(1859, 'TICKET_1735132841_236', 'H10', 'CALENDAR_1735122967_292'),
(1860, 'TICKET_1735132841_236', 'H2', 'CALENDAR_1735122967_292'),
(1861, 'TICKET_1735132841_236', 'H5', 'CALENDAR_1735122967_292'),
(1862, 'TICKET_1735132841_236', 'H6', 'CALENDAR_1735122967_292'),
(1863, 'TICKET_1735132841_236', 'H9', 'CALENDAR_1735122967_292'),
(1864, 'TICKET_1735133147_673', 'A3', 'CALENDAR_1735121611_513'),
(1865, 'TICKET_1735133147_673', 'A5', 'CALENDAR_1735121611_513'),
(1866, 'TICKET_1735133147_673', 'A9', 'CALENDAR_1735121611_513'),
(1867, 'TICKET_1735133147_673', 'B1', 'CALENDAR_1735121611_513'),
(1868, 'TICKET_1735133147_673', 'B7', 'CALENDAR_1735121611_513'),
(1869, 'TICKET_1735133147_673', 'B9', 'CALENDAR_1735121611_513'),
(1870, 'TICKET_1735133147_673', 'C10', 'CALENDAR_1735121611_513'),
(1871, 'TICKET_1735133147_673', 'C3', 'CALENDAR_1735121611_513'),
(1872, 'TICKET_1735133147_673', 'C4', 'CALENDAR_1735121611_513'),
(1873, 'TICKET_1735133147_673', 'D2', 'CALENDAR_1735121611_513'),
(1874, 'TICKET_1735133147_673', 'D3', 'CALENDAR_1735121611_513'),
(1875, 'TICKET_1735133147_673', 'D6', 'CALENDAR_1735121611_513'),
(1876, 'TICKET_1735133147_673', 'D9', 'CALENDAR_1735121611_513'),
(1877, 'TICKET_1735133147_673', 'E2', 'CALENDAR_1735121611_513'),
(1878, 'TICKET_1735133147_673', 'E5', 'CALENDAR_1735121611_513'),
(1879, 'TICKET_1735133147_673', 'E8', 'CALENDAR_1735121611_513'),
(1880, 'TICKET_1735133147_673', 'F1', 'CALENDAR_1735121611_513'),
(1881, 'TICKET_1735133147_673', 'F5', 'CALENDAR_1735121611_513'),
(1882, 'TICKET_1735133147_673', 'F6', 'CALENDAR_1735121611_513'),
(1883, 'TICKET_1735133147_673', 'F9', 'CALENDAR_1735121611_513'),
(1884, 'TICKET_1735133147_673', 'G2', 'CALENDAR_1735121611_513'),
(1885, 'TICKET_1735133147_673', 'G5', 'CALENDAR_1735121611_513'),
(1886, 'TICKET_1735133147_673', 'G9', 'CALENDAR_1735121611_513'),
(1887, 'TICKET_1735133147_673', 'H2', 'CALENDAR_1735121611_513'),
(1888, 'TICKET_1735133147_673', 'H3', 'CALENDAR_1735121611_513'),
(1889, 'TICKET_1735133147_673', 'H6', 'CALENDAR_1735121611_513'),
(1890, 'TICKET_1735133147_673', 'H7', 'CALENDAR_1735121611_513'),
(1891, 'TICKET_1735133198_588', 'A2', 'CALENDAR_1735122823_076'),
(1892, 'TICKET_1735133198_588', 'A3', 'CALENDAR_1735122823_076'),
(1893, 'TICKET_1735133198_588', 'A5', 'CALENDAR_1735122823_076'),
(1894, 'TICKET_1735133198_588', 'A7', 'CALENDAR_1735122823_076'),
(1895, 'TICKET_1735133198_588', 'A9', 'CALENDAR_1735122823_076'),
(1896, 'TICKET_1735133198_588', 'B3', 'CALENDAR_1735122823_076'),
(1897, 'TICKET_1735133198_588', 'B4', 'CALENDAR_1735122823_076'),
(1898, 'TICKET_1735133198_588', 'B8', 'CALENDAR_1735122823_076'),
(1899, 'TICKET_1735133198_588', 'C3', 'CALENDAR_1735122823_076'),
(1900, 'TICKET_1735133198_588', 'C7', 'CALENDAR_1735122823_076'),
(1901, 'TICKET_1735133198_588', 'D1', 'CALENDAR_1735122823_076'),
(1902, 'TICKET_1735133198_588', 'D5', 'CALENDAR_1735122823_076'),
(1903, 'TICKET_1735133198_588', 'D9', 'CALENDAR_1735122823_076'),
(1904, 'TICKET_1735133198_588', 'E2', 'CALENDAR_1735122823_076'),
(1905, 'TICKET_1735133198_588', 'E4', 'CALENDAR_1735122823_076'),
(1906, 'TICKET_1735133198_588', 'E6', 'CALENDAR_1735122823_076'),
(1907, 'TICKET_1735133198_588', 'E8', 'CALENDAR_1735122823_076'),
(1908, 'TICKET_1735133198_588', 'F1', 'CALENDAR_1735122823_076'),
(1909, 'TICKET_1735133198_588', 'F2', 'CALENDAR_1735122823_076'),
(1910, 'TICKET_1735133198_588', 'F9', 'CALENDAR_1735122823_076'),
(1911, 'TICKET_1735133198_588', 'G3', 'CALENDAR_1735122823_076'),
(1912, 'TICKET_1735133198_588', 'G4', 'CALENDAR_1735122823_076'),
(1913, 'TICKET_1735133198_588', 'G9', 'CALENDAR_1735122823_076'),
(1914, 'TICKET_1735133198_588', 'H2', 'CALENDAR_1735122823_076'),
(1915, 'TICKET_1735133198_588', 'H5', 'CALENDAR_1735122823_076'),
(1916, 'TICKET_1735133198_588', 'H7', 'CALENDAR_1735122823_076'),
(1917, 'TICKET_1735133198_588', 'H8', 'CALENDAR_1735122823_076'),
(1918, 'TICKET_1735133304_216', 'A10', 'CALENDAR_1735124015_982'),
(1919, 'TICKET_1735133304_216', 'A4', 'CALENDAR_1735124015_982'),
(1920, 'TICKET_1735133304_216', 'A8', 'CALENDAR_1735124015_982'),
(1921, 'TICKET_1735133304_216', 'A9', 'CALENDAR_1735124015_982'),
(1922, 'TICKET_1735133304_216', 'B3', 'CALENDAR_1735124015_982'),
(1923, 'TICKET_1735133304_216', 'B5', 'CALENDAR_1735124015_982'),
(1924, 'TICKET_1735133304_216', 'B6', 'CALENDAR_1735124015_982'),
(1925, 'TICKET_1735133304_216', 'B8', 'CALENDAR_1735124015_982'),
(1926, 'TICKET_1735133304_216', 'C10', 'CALENDAR_1735124015_982'),
(1927, 'TICKET_1735133304_216', 'C2', 'CALENDAR_1735124015_982'),
(1928, 'TICKET_1735133304_216', 'C8', 'CALENDAR_1735124015_982'),
(1929, 'TICKET_1735133304_216', 'D1', 'CALENDAR_1735124015_982'),
(1930, 'TICKET_1735133304_216', 'D5', 'CALENDAR_1735124015_982'),
(1931, 'TICKET_1735133304_216', 'D7', 'CALENDAR_1735124015_982'),
(1932, 'TICKET_1735133304_216', 'D9', 'CALENDAR_1735124015_982'),
(1933, 'TICKET_1735133304_216', 'E1', 'CALENDAR_1735124015_982'),
(1934, 'TICKET_1735133304_216', 'E2', 'CALENDAR_1735124015_982'),
(1935, 'TICKET_1735133304_216', 'E5', 'CALENDAR_1735124015_982'),
(1936, 'TICKET_1735133304_216', 'E6', 'CALENDAR_1735124015_982'),
(1937, 'TICKET_1735133304_216', 'F2', 'CALENDAR_1735124015_982'),
(1938, 'TICKET_1735133304_216', 'F5', 'CALENDAR_1735124015_982'),
(1939, 'TICKET_1735133304_216', 'F8', 'CALENDAR_1735124015_982'),
(1940, 'TICKET_1735133304_216', 'F9', 'CALENDAR_1735124015_982'),
(1941, 'TICKET_1735133304_216', 'G2', 'CALENDAR_1735124015_982'),
(1942, 'TICKET_1735133304_216', 'G5', 'CALENDAR_1735124015_982'),
(1943, 'TICKET_1735133304_216', 'G6', 'CALENDAR_1735124015_982'),
(1944, 'TICKET_1735133304_216', 'G7', 'CALENDAR_1735124015_982'),
(1945, 'TICKET_1735133304_216', 'H10', 'CALENDAR_1735124015_982'),
(1946, 'TICKET_1735133304_216', 'H2', 'CALENDAR_1735124015_982'),
(1947, 'TICKET_1735133304_216', 'H6', 'CALENDAR_1735124015_982'),
(1948, 'TICKET_1735133304_216', 'H8', 'CALENDAR_1735124015_982'),
(1949, 'TICKET_1735133384_461', 'A2', 'CALENDAR_1735122289_875'),
(1950, 'TICKET_1735133384_461', 'A5', 'CALENDAR_1735122289_875'),
(1951, 'TICKET_1735133384_461', 'A6', 'CALENDAR_1735122289_875'),
(1952, 'TICKET_1735133384_461', 'B2', 'CALENDAR_1735122289_875'),
(1953, 'TICKET_1735133384_461', 'B6', 'CALENDAR_1735122289_875'),
(1954, 'TICKET_1735133384_461', 'B7', 'CALENDAR_1735122289_875'),
(1955, 'TICKET_1735133384_461', 'C10', 'CALENDAR_1735122289_875'),
(1956, 'TICKET_1735133384_461', 'C3', 'CALENDAR_1735122289_875'),
(1957, 'TICKET_1735133384_461', 'C8', 'CALENDAR_1735122289_875'),
(1958, 'TICKET_1735133384_461', 'D2', 'CALENDAR_1735122289_875'),
(1959, 'TICKET_1735133384_461', 'D4', 'CALENDAR_1735122289_875'),
(1960, 'TICKET_1735133384_461', 'D5', 'CALENDAR_1735122289_875'),
(1961, 'TICKET_1735133384_461', 'D8', 'CALENDAR_1735122289_875'),
(1962, 'TICKET_1735133384_461', 'E2', 'CALENDAR_1735122289_875'),
(1963, 'TICKET_1735133384_461', 'E3', 'CALENDAR_1735122289_875'),
(1964, 'TICKET_1735133384_461', 'E6', 'CALENDAR_1735122289_875'),
(1965, 'TICKET_1735133384_461', 'E7', 'CALENDAR_1735122289_875'),
(1966, 'TICKET_1735133384_461', 'F1', 'CALENDAR_1735122289_875'),
(1967, 'TICKET_1735133384_461', 'F8', 'CALENDAR_1735122289_875'),
(1968, 'TICKET_1735133384_461', 'F9', 'CALENDAR_1735122289_875'),
(1969, 'TICKET_1735133384_461', 'G2', 'CALENDAR_1735122289_875'),
(1970, 'TICKET_1735133384_461', 'G3', 'CALENDAR_1735122289_875'),
(1971, 'TICKET_1735133384_461', 'G5', 'CALENDAR_1735122289_875'),
(1972, 'TICKET_1735133384_461', 'G6', 'CALENDAR_1735122289_875'),
(1973, 'TICKET_1735133384_461', 'G8', 'CALENDAR_1735122289_875'),
(1974, 'TICKET_1735133384_461', 'G9', 'CALENDAR_1735122289_875'),
(1975, 'TICKET_1735133384_461', 'H10', 'CALENDAR_1735122289_875'),
(1976, 'TICKET_1735133384_461', 'H2', 'CALENDAR_1735122289_875'),
(1977, 'TICKET_1735133384_461', 'H3', 'CALENDAR_1735122289_875'),
(1978, 'TICKET_1735133384_461', 'H6', 'CALENDAR_1735122289_875'),
(1979, 'TICKET_1735133452_109', 'A2', 'CALENDAR_1735122952_234'),
(1980, 'TICKET_1735133452_109', 'A4', 'CALENDAR_1735122952_234'),
(1981, 'TICKET_1735133452_109', 'A8', 'CALENDAR_1735122952_234'),
(1982, 'TICKET_1735133452_109', 'B2', 'CALENDAR_1735122952_234'),
(1983, 'TICKET_1735133452_109', 'B3', 'CALENDAR_1735122952_234'),
(1984, 'TICKET_1735133452_109', 'B5', 'CALENDAR_1735122952_234'),
(1985, 'TICKET_1735133452_109', 'B6', 'CALENDAR_1735122952_234'),
(1986, 'TICKET_1735133452_109', 'C3', 'CALENDAR_1735122952_234'),
(1987, 'TICKET_1735133452_109', 'C9', 'CALENDAR_1735122952_234'),
(1988, 'TICKET_1735133452_109', 'D2', 'CALENDAR_1735122952_234'),
(1989, 'TICKET_1735133452_109', 'D3', 'CALENDAR_1735122952_234'),
(1990, 'TICKET_1735133452_109', 'D6', 'CALENDAR_1735122952_234'),
(1991, 'TICKET_1735133452_109', 'D7', 'CALENDAR_1735122952_234'),
(1992, 'TICKET_1735133452_109', 'E1', 'CALENDAR_1735122952_234'),
(1993, 'TICKET_1735133452_109', 'E10', 'CALENDAR_1735122952_234'),
(1994, 'TICKET_1735133452_109', 'E6', 'CALENDAR_1735122952_234'),
(1995, 'TICKET_1735133452_109', 'F2', 'CALENDAR_1735122952_234'),
(1996, 'TICKET_1735133452_109', 'F3', 'CALENDAR_1735122952_234'),
(1997, 'TICKET_1735133452_109', 'F9', 'CALENDAR_1735122952_234'),
(1998, 'TICKET_1735133452_109', 'G1', 'CALENDAR_1735122952_234'),
(1999, 'TICKET_1735133452_109', 'G3', 'CALENDAR_1735122952_234'),
(2000, 'TICKET_1735133452_109', 'G6', 'CALENDAR_1735122952_234'),
(2001, 'TICKET_1735133452_109', 'H3', 'CALENDAR_1735122952_234'),
(2002, 'TICKET_1735133452_109', 'H4', 'CALENDAR_1735122952_234'),
(2003, 'TICKET_1735133452_109', 'H5', 'CALENDAR_1735122952_234'),
(2004, 'TICKET_1735133452_109', 'H9', 'CALENDAR_1735122952_234'),
(2005, 'TICKET_1735133503_376', 'A5', 'CALENDAR_1735123511_342'),
(2006, 'TICKET_1735133503_376', 'A7', 'CALENDAR_1735123511_342'),
(2007, 'TICKET_1735133503_376', 'A8', 'CALENDAR_1735123511_342'),
(2008, 'TICKET_1735133503_376', 'B2', 'CALENDAR_1735123511_342'),
(2009, 'TICKET_1735133503_376', 'B3', 'CALENDAR_1735123511_342'),
(2010, 'TICKET_1735133503_376', 'B6', 'CALENDAR_1735123511_342'),
(2011, 'TICKET_1735133503_376', 'B9', 'CALENDAR_1735123511_342'),
(2012, 'TICKET_1735133503_376', 'C10', 'CALENDAR_1735123511_342'),
(2013, 'TICKET_1735133503_376', 'C3', 'CALENDAR_1735123511_342'),
(2014, 'TICKET_1735133503_376', 'C6', 'CALENDAR_1735123511_342'),
(2015, 'TICKET_1735133503_376', 'C7', 'CALENDAR_1735123511_342'),
(2016, 'TICKET_1735133503_376', 'D1', 'CALENDAR_1735123511_342'),
(2017, 'TICKET_1735133503_376', 'D7', 'CALENDAR_1735123511_342'),
(2018, 'TICKET_1735133503_376', 'E2', 'CALENDAR_1735123511_342'),
(2019, 'TICKET_1735133503_376', 'E3', 'CALENDAR_1735123511_342'),
(2020, 'TICKET_1735133503_376', 'E7', 'CALENDAR_1735123511_342'),
(2021, 'TICKET_1735133503_376', 'E8', 'CALENDAR_1735123511_342'),
(2022, 'TICKET_1735133503_376', 'F3', 'CALENDAR_1735123511_342'),
(2023, 'TICKET_1735133503_376', 'F6', 'CALENDAR_1735123511_342'),
(2024, 'TICKET_1735133503_376', 'F7', 'CALENDAR_1735123511_342'),
(2025, 'TICKET_1735133503_376', 'F9', 'CALENDAR_1735123511_342'),
(2026, 'TICKET_1735133503_376', 'G4', 'CALENDAR_1735123511_342'),
(2027, 'TICKET_1735133503_376', 'G7', 'CALENDAR_1735123511_342'),
(2028, 'TICKET_1735133503_376', 'G8', 'CALENDAR_1735123511_342'),
(2029, 'TICKET_1735133503_376', 'H1', 'CALENDAR_1735123511_342'),
(2030, 'TICKET_1735133503_376', 'H10', 'CALENDAR_1735123511_342'),
(2031, 'TICKET_1735133503_376', 'H2', 'CALENDAR_1735123511_342'),
(2032, 'TICKET_1735133503_376', 'H6', 'CALENDAR_1735123511_342'),
(2033, 'TICKET_1735133559_583', 'A3', 'CALENDAR_1735123887_262'),
(2034, 'TICKET_1735133559_583', 'A8', 'CALENDAR_1735123887_262'),
(2035, 'TICKET_1735133559_583', 'B1', 'CALENDAR_1735123887_262'),
(2036, 'TICKET_1735133559_583', 'B2', 'CALENDAR_1735123887_262'),
(2037, 'TICKET_1735133559_583', 'B4', 'CALENDAR_1735123887_262'),
(2038, 'TICKET_1735133559_583', 'B6', 'CALENDAR_1735123887_262'),
(2039, 'TICKET_1735133559_583', 'B9', 'CALENDAR_1735123887_262'),
(2040, 'TICKET_1735133559_583', 'C2', 'CALENDAR_1735123887_262'),
(2041, 'TICKET_1735133559_583', 'C7', 'CALENDAR_1735123887_262'),
(2042, 'TICKET_1735133559_583', 'C8', 'CALENDAR_1735123887_262'),
(2043, 'TICKET_1735133559_583', 'D3', 'CALENDAR_1735123887_262'),
(2044, 'TICKET_1735133559_583', 'D6', 'CALENDAR_1735123887_262'),
(2045, 'TICKET_1735133559_583', 'D9', 'CALENDAR_1735123887_262'),
(2046, 'TICKET_1735133559_583', 'E1', 'CALENDAR_1735123887_262'),
(2047, 'TICKET_1735133559_583', 'E2', 'CALENDAR_1735123887_262'),
(2048, 'TICKET_1735133559_583', 'E5', 'CALENDAR_1735123887_262'),
(2049, 'TICKET_1735133559_583', 'E8', 'CALENDAR_1735123887_262'),
(2050, 'TICKET_1735133559_583', 'F1', 'CALENDAR_1735123887_262'),
(2051, 'TICKET_1735133559_583', 'F6', 'CALENDAR_1735123887_262'),
(2052, 'TICKET_1735133559_583', 'F9', 'CALENDAR_1735123887_262'),
(2053, 'TICKET_1735133559_583', 'G2', 'CALENDAR_1735123887_262'),
(2054, 'TICKET_1735133559_583', 'G3', 'CALENDAR_1735123887_262'),
(2055, 'TICKET_1735133559_583', 'G5', 'CALENDAR_1735123887_262'),
(2056, 'TICKET_1735133559_583', 'G8', 'CALENDAR_1735123887_262'),
(2057, 'TICKET_1735133559_583', 'H2', 'CALENDAR_1735123887_262'),
(2058, 'TICKET_1735133559_583', 'H5', 'CALENDAR_1735123887_262'),
(2059, 'TICKET_1735133559_583', 'H7', 'CALENDAR_1735123887_262'),
(2060, 'TICKET_1735133559_583', 'H9', 'CALENDAR_1735123887_262'),
(2061, 'TICKET_1735133790_098', 'A2', 'CALENDAR_1734019407_473'),
(2062, 'TICKET_1735133790_098', 'A3', 'CALENDAR_1734019407_473'),
(2063, 'TICKET_1735133790_098', 'A7', 'CALENDAR_1734019407_473'),
(2064, 'TICKET_1735133790_098', 'A8', 'CALENDAR_1734019407_473'),
(2065, 'TICKET_1735133790_098', 'B3', 'CALENDAR_1734019407_473'),
(2066, 'TICKET_1735133790_098', 'B4', 'CALENDAR_1734019407_473'),
(2067, 'TICKET_1735133790_098', 'B7', 'CALENDAR_1734019407_473'),
(2068, 'TICKET_1735133790_098', 'C1', 'CALENDAR_1734019407_473'),
(2069, 'TICKET_1735133790_098', 'C10', 'CALENDAR_1734019407_473'),
(2070, 'TICKET_1735133790_098', 'C4', 'CALENDAR_1734019407_473'),
(2071, 'TICKET_1735133790_098', 'C5', 'CALENDAR_1734019407_473'),
(2072, 'TICKET_1735133790_098', 'C8', 'CALENDAR_1734019407_473'),
(2073, 'TICKET_1735133790_098', 'D10', 'CALENDAR_1734019407_473'),
(2074, 'TICKET_1735133790_098', 'D2', 'CALENDAR_1734019407_473'),
(2075, 'TICKET_1735133790_098', 'D3', 'CALENDAR_1734019407_473'),
(2076, 'TICKET_1735133790_098', 'D6', 'CALENDAR_1734019407_473'),
(2077, 'TICKET_1735133790_098', 'D8', 'CALENDAR_1734019407_473'),
(2078, 'TICKET_1735133790_098', 'E10', 'CALENDAR_1734019407_473'),
(2079, 'TICKET_1735133790_098', 'E3', 'CALENDAR_1734019407_473'),
(2080, 'TICKET_1735133790_098', 'E5', 'CALENDAR_1734019407_473'),
(2081, 'TICKET_1735133790_098', 'E8', 'CALENDAR_1734019407_473'),
(2082, 'TICKET_1735133790_098', 'E9', 'CALENDAR_1734019407_473'),
(2083, 'TICKET_1735133790_098', 'F10', 'CALENDAR_1734019407_473'),
(2084, 'TICKET_1735133790_098', 'F2', 'CALENDAR_1734019407_473'),
(2085, 'TICKET_1735133790_098', 'F3', 'CALENDAR_1734019407_473'),
(2086, 'TICKET_1735133790_098', 'F7', 'CALENDAR_1734019407_473'),
(2087, 'TICKET_1735133790_098', 'G1', 'CALENDAR_1734019407_473'),
(2088, 'TICKET_1735133790_098', 'G5', 'CALENDAR_1734019407_473'),
(2089, 'TICKET_1735133790_098', 'G6', 'CALENDAR_1734019407_473'),
(2090, 'TICKET_1735133790_098', 'G9', 'CALENDAR_1734019407_473'),
(2091, 'TICKET_1735133790_098', 'H10', 'CALENDAR_1734019407_473'),
(2092, 'TICKET_1735133790_098', 'H2', 'CALENDAR_1734019407_473'),
(2093, 'TICKET_1735133790_098', 'H3', 'CALENDAR_1734019407_473'),
(2094, 'TICKET_1735133790_098', 'H6', 'CALENDAR_1734019407_473'),
(2095, 'TICKET_1735133845_766', 'A2', 'CALENDAR_1735123620_046'),
(2096, 'TICKET_1735133845_766', 'A3', 'CALENDAR_1735123620_046'),
(2097, 'TICKET_1735133845_766', 'A6', 'CALENDAR_1735123620_046'),
(2098, 'TICKET_1735133845_766', 'A9', 'CALENDAR_1735123620_046'),
(2099, 'TICKET_1735133845_766', 'B2', 'CALENDAR_1735123620_046'),
(2100, 'TICKET_1735133845_766', 'B3', 'CALENDAR_1735123620_046'),
(2101, 'TICKET_1735133845_766', 'B6', 'CALENDAR_1735123620_046'),
(2102, 'TICKET_1735133845_766', 'B8', 'CALENDAR_1735123620_046'),
(2103, 'TICKET_1735133845_766', 'C5', 'CALENDAR_1735123620_046'),
(2104, 'TICKET_1735133845_766', 'C9', 'CALENDAR_1735123620_046'),
(2105, 'TICKET_1735133845_766', 'D3', 'CALENDAR_1735123620_046'),
(2106, 'TICKET_1735133845_766', 'D6', 'CALENDAR_1735123620_046'),
(2107, 'TICKET_1735133845_766', 'D8', 'CALENDAR_1735123620_046'),
(2108, 'TICKET_1735133845_766', 'D9', 'CALENDAR_1735123620_046'),
(2109, 'TICKET_1735133845_766', 'E2', 'CALENDAR_1735123620_046'),
(2110, 'TICKET_1735133845_766', 'E3', 'CALENDAR_1735123620_046'),
(2111, 'TICKET_1735133845_766', 'E5', 'CALENDAR_1735123620_046'),
(2112, 'TICKET_1735133845_766', 'E7', 'CALENDAR_1735123620_046'),
(2113, 'TICKET_1735133845_766', 'E8', 'CALENDAR_1735123620_046'),
(2114, 'TICKET_1735133845_766', 'F10', 'CALENDAR_1735123620_046'),
(2115, 'TICKET_1735133845_766', 'F2', 'CALENDAR_1735123620_046'),
(2116, 'TICKET_1735133845_766', 'F5', 'CALENDAR_1735123620_046'),
(2117, 'TICKET_1735133845_766', 'F6', 'CALENDAR_1735123620_046'),
(2118, 'TICKET_1735133845_766', 'F8', 'CALENDAR_1735123620_046'),
(2119, 'TICKET_1735133845_766', 'G1', 'CALENDAR_1735123620_046'),
(2120, 'TICKET_1735133845_766', 'G10', 'CALENDAR_1735123620_046'),
(2121, 'TICKET_1735133845_766', 'G2', 'CALENDAR_1735123620_046'),
(2122, 'TICKET_1735133845_766', 'G3', 'CALENDAR_1735123620_046'),
(2123, 'TICKET_1735133845_766', 'G5', 'CALENDAR_1735123620_046'),
(2124, 'TICKET_1735133845_766', 'G7', 'CALENDAR_1735123620_046'),
(2125, 'TICKET_1735133845_766', 'H3', 'CALENDAR_1735123620_046'),
(2126, 'TICKET_1735133845_766', 'H4', 'CALENDAR_1735123620_046'),
(2127, 'TICKET_1735133845_766', 'H7', 'CALENDAR_1735123620_046'),
(2128, 'TICKET_1735133845_766', 'H9', 'CALENDAR_1735123620_046'),
(2129, 'TICKET_1735133915_825', 'A1', 'CALENDAR_1735123421_482'),
(2130, 'TICKET_1735133915_825', 'A3', 'CALENDAR_1735123421_482'),
(2131, 'TICKET_1735133915_825', 'A4', 'CALENDAR_1735123421_482'),
(2132, 'TICKET_1735133915_825', 'A7', 'CALENDAR_1735123421_482'),
(2133, 'TICKET_1735133915_825', 'B2', 'CALENDAR_1735123421_482'),
(2134, 'TICKET_1735133915_825', 'B6', 'CALENDAR_1735123421_482'),
(2135, 'TICKET_1735133915_825', 'B8', 'CALENDAR_1735123421_482'),
(2136, 'TICKET_1735133915_825', 'C2', 'CALENDAR_1735123421_482'),
(2137, 'TICKET_1735133915_825', 'C3', 'CALENDAR_1735123421_482'),
(2138, 'TICKET_1735133915_825', 'C5', 'CALENDAR_1735123421_482'),
(2139, 'TICKET_1735133915_825', 'C7', 'CALENDAR_1735123421_482'),
(2140, 'TICKET_1735133915_825', 'C8', 'CALENDAR_1735123421_482'),
(2141, 'TICKET_1735133915_825', 'D1', 'CALENDAR_1735123421_482'),
(2142, 'TICKET_1735133915_825', 'D2', 'CALENDAR_1735123421_482'),
(2143, 'TICKET_1735133915_825', 'D6', 'CALENDAR_1735123421_482'),
(2144, 'TICKET_1735133915_825', 'D8', 'CALENDAR_1735123421_482'),
(2145, 'TICKET_1735133915_825', 'D9', 'CALENDAR_1735123421_482'),
(2146, 'TICKET_1735133915_825', 'E10', 'CALENDAR_1735123421_482'),
(2147, 'TICKET_1735133915_825', 'E2', 'CALENDAR_1735123421_482'),
(2148, 'TICKET_1735133915_825', 'E5', 'CALENDAR_1735123421_482'),
(2149, 'TICKET_1735133915_825', 'E7', 'CALENDAR_1735123421_482'),
(2150, 'TICKET_1735133915_825', 'F1', 'CALENDAR_1735123421_482'),
(2151, 'TICKET_1735133915_825', 'F3', 'CALENDAR_1735123421_482'),
(2152, 'TICKET_1735133915_825', 'F9', 'CALENDAR_1735123421_482'),
(2153, 'TICKET_1735133915_825', 'G2', 'CALENDAR_1735123421_482'),
(2154, 'TICKET_1735133915_825', 'G6', 'CALENDAR_1735123421_482'),
(2155, 'TICKET_1735133915_825', 'G7', 'CALENDAR_1735123421_482'),
(2156, 'TICKET_1735133915_825', 'G8', 'CALENDAR_1735123421_482'),
(2157, 'TICKET_1735133915_825', 'H10', 'CALENDAR_1735123421_482'),
(2158, 'TICKET_1735133915_825', 'H3', 'CALENDAR_1735123421_482'),
(2159, 'TICKET_1735133915_825', 'H5', 'CALENDAR_1735123421_482'),
(2160, 'TICKET_1735133915_825', 'H6', 'CALENDAR_1735123421_482'),
(2161, 'TICKET_1735133915_825', 'H9', 'CALENDAR_1735123421_482'),
(2162, 'TICKET_1735133974_252', 'A10', 'CALENDAR_1735123574_433'),
(2163, 'TICKET_1735133974_252', 'A3', 'CALENDAR_1735123574_433'),
(2164, 'TICKET_1735133974_252', 'A5', 'CALENDAR_1735123574_433'),
(2165, 'TICKET_1735133974_252', 'A6', 'CALENDAR_1735123574_433'),
(2166, 'TICKET_1735133974_252', 'A8', 'CALENDAR_1735123574_433'),
(2167, 'TICKET_1735133974_252', 'B1', 'CALENDAR_1735123574_433'),
(2168, 'TICKET_1735133974_252', 'B3', 'CALENDAR_1735123574_433'),
(2169, 'TICKET_1735133974_252', 'B7', 'CALENDAR_1735123574_433'),
(2170, 'TICKET_1735133974_252', 'C10', 'CALENDAR_1735123574_433'),
(2171, 'TICKET_1735133974_252', 'C2', 'CALENDAR_1735123574_433'),
(2172, 'TICKET_1735133974_252', 'C5', 'CALENDAR_1735123574_433'),
(2173, 'TICKET_1735133974_252', 'C8', 'CALENDAR_1735123574_433'),
(2174, 'TICKET_1735133974_252', 'D10', 'CALENDAR_1735123574_433'),
(2175, 'TICKET_1735133974_252', 'D2', 'CALENDAR_1735123574_433'),
(2176, 'TICKET_1735133974_252', 'D6', 'CALENDAR_1735123574_433'),
(2177, 'TICKET_1735133974_252', 'D9', 'CALENDAR_1735123574_433'),
(2178, 'TICKET_1735133974_252', 'E1', 'CALENDAR_1735123574_433'),
(2179, 'TICKET_1735133974_252', 'E10', 'CALENDAR_1735123574_433'),
(2180, 'TICKET_1735133974_252', 'E3', 'CALENDAR_1735123574_433'),
(2181, 'TICKET_1735133974_252', 'E5', 'CALENDAR_1735123574_433'),
(2182, 'TICKET_1735133974_252', 'E8', 'CALENDAR_1735123574_433'),
(2183, 'TICKET_1735133974_252', 'F2', 'CALENDAR_1735123574_433'),
(2184, 'TICKET_1735133974_252', 'F6', 'CALENDAR_1735123574_433'),
(2185, 'TICKET_1735133974_252', 'F7', 'CALENDAR_1735123574_433'),
(2186, 'TICKET_1735133974_252', 'G1', 'CALENDAR_1735123574_433'),
(2187, 'TICKET_1735133974_252', 'G4', 'CALENDAR_1735123574_433'),
(2188, 'TICKET_1735133974_252', 'G6', 'CALENDAR_1735123574_433'),
(2189, 'TICKET_1735133974_252', 'G8', 'CALENDAR_1735123574_433'),
(2190, 'TICKET_1735133974_252', 'H10', 'CALENDAR_1735123574_433'),
(2191, 'TICKET_1735133974_252', 'H2', 'CALENDAR_1735123574_433'),
(2192, 'TICKET_1735133974_252', 'H4', 'CALENDAR_1735123574_433'),
(2193, 'TICKET_1735133974_252', 'H6', 'CALENDAR_1735123574_433'),
(2194, 'TICKET_1735133974_252', 'H9', 'CALENDAR_1735123574_433'),
(2195, 'TICKET_1735134034_497', 'A1', 'CALENDAR_1735123596_601'),
(2196, 'TICKET_1735134034_497', 'A10', 'CALENDAR_1735123596_601'),
(2197, 'TICKET_1735134034_497', 'A4', 'CALENDAR_1735123596_601'),
(2198, 'TICKET_1735134034_497', 'A5', 'CALENDAR_1735123596_601'),
(2199, 'TICKET_1735134034_497', 'A8', 'CALENDAR_1735123596_601'),
(2200, 'TICKET_1735134034_497', 'B1', 'CALENDAR_1735123596_601'),
(2201, 'TICKET_1735134034_497', 'B10', 'CALENDAR_1735123596_601'),
(2202, 'TICKET_1735134034_497', 'B7', 'CALENDAR_1735123596_601'),
(2203, 'TICKET_1735134034_497', 'C3', 'CALENDAR_1735123596_601'),
(2204, 'TICKET_1735134034_497', 'C6', 'CALENDAR_1735123596_601'),
(2205, 'TICKET_1735134034_497', 'D2', 'CALENDAR_1735123596_601'),
(2206, 'TICKET_1735134034_497', 'D7', 'CALENDAR_1735123596_601'),
(2207, 'TICKET_1735134034_497', 'D9', 'CALENDAR_1735123596_601'),
(2208, 'TICKET_1735134034_497', 'E10', 'CALENDAR_1735123596_601'),
(2209, 'TICKET_1735134034_497', 'E3', 'CALENDAR_1735123596_601'),
(2210, 'TICKET_1735134034_497', 'E4', 'CALENDAR_1735123596_601'),
(2211, 'TICKET_1735134034_497', 'E6', 'CALENDAR_1735123596_601'),
(2212, 'TICKET_1735134034_497', 'E7', 'CALENDAR_1735123596_601'),
(2213, 'TICKET_1735134034_497', 'E9', 'CALENDAR_1735123596_601'),
(2214, 'TICKET_1735134034_497', 'F10', 'CALENDAR_1735123596_601'),
(2215, 'TICKET_1735134034_497', 'F2', 'CALENDAR_1735123596_601'),
(2216, 'TICKET_1735134034_497', 'F4', 'CALENDAR_1735123596_601'),
(2217, 'TICKET_1735134034_497', 'G10', 'CALENDAR_1735123596_601'),
(2218, 'TICKET_1735134034_497', 'G3', 'CALENDAR_1735123596_601'),
(2219, 'TICKET_1735134034_497', 'G6', 'CALENDAR_1735123596_601'),
(2220, 'TICKET_1735134034_497', 'H1', 'CALENDAR_1735123596_601'),
(2221, 'TICKET_1735134034_497', 'H10', 'CALENDAR_1735123596_601'),
(2222, 'TICKET_1735134034_497', 'H2', 'CALENDAR_1735123596_601'),
(2223, 'TICKET_1735134034_497', 'H5', 'CALENDAR_1735123596_601'),
(2224, 'TICKET_1735134034_497', 'H8', 'CALENDAR_1735123596_601'),
(2225, 'TICKET_1735134034_497', 'H9', 'CALENDAR_1735123596_601'),
(2226, 'TICKET_1735134096_969', 'A10', 'CALENDAR_1735123398_282'),
(2227, 'TICKET_1735134096_969', 'A3', 'CALENDAR_1735123398_282'),
(2228, 'TICKET_1735134096_969', 'A6', 'CALENDAR_1735123398_282'),
(2229, 'TICKET_1735134096_969', 'A9', 'CALENDAR_1735123398_282'),
(2230, 'TICKET_1735134096_969', 'B2', 'CALENDAR_1735123398_282'),
(2231, 'TICKET_1735134096_969', 'B3', 'CALENDAR_1735123398_282'),
(2232, 'TICKET_1735134096_969', 'B7', 'CALENDAR_1735123398_282'),
(2233, 'TICKET_1735134096_969', 'B8', 'CALENDAR_1735123398_282'),
(2234, 'TICKET_1735134096_969', 'B9', 'CALENDAR_1735123398_282'),
(2235, 'TICKET_1735134096_969', 'C3', 'CALENDAR_1735123398_282'),
(2236, 'TICKET_1735134096_969', 'C5', 'CALENDAR_1735123398_282'),
(2237, 'TICKET_1735134096_969', 'C9', 'CALENDAR_1735123398_282'),
(2238, 'TICKET_1735134096_969', 'D2', 'CALENDAR_1735123398_282'),
(2239, 'TICKET_1735134096_969', 'D6', 'CALENDAR_1735123398_282'),
(2240, 'TICKET_1735134096_969', 'D7', 'CALENDAR_1735123398_282'),
(2241, 'TICKET_1735134096_969', 'E1', 'CALENDAR_1735123398_282'),
(2242, 'TICKET_1735134096_969', 'E10', 'CALENDAR_1735123398_282'),
(2243, 'TICKET_1735134096_969', 'E5', 'CALENDAR_1735123398_282'),
(2244, 'TICKET_1735134096_969', 'E8', 'CALENDAR_1735123398_282'),
(2245, 'TICKET_1735134096_969', 'F10', 'CALENDAR_1735123398_282'),
(2246, 'TICKET_1735134096_969', 'F2', 'CALENDAR_1735123398_282'),
(2247, 'TICKET_1735134096_969', 'F6', 'CALENDAR_1735123398_282'),
(2248, 'TICKET_1735134096_969', 'F8', 'CALENDAR_1735123398_282'),
(2249, 'TICKET_1735134096_969', 'G3', 'CALENDAR_1735123398_282'),
(2250, 'TICKET_1735134096_969', 'G7', 'CALENDAR_1735123398_282'),
(2251, 'TICKET_1735134096_969', 'H2', 'CALENDAR_1735123398_282'),
(2252, 'TICKET_1735134096_969', 'H5', 'CALENDAR_1735123398_282'),
(2253, 'TICKET_1735134096_969', 'H6', 'CALENDAR_1735123398_282'),
(2254, 'TICKET_1735134096_969', 'H8', 'CALENDAR_1735123398_282'),
(2255, 'TICKET_1735134096_969', 'H9', 'CALENDAR_1735123398_282'),
(2256, 'TICKET_1735134174_823', 'A10', 'CALENDAR_1735123208_830'),
(2257, 'TICKET_1735134174_823', 'A2', 'CALENDAR_1735123208_830'),
(2258, 'TICKET_1735134174_823', 'A7', 'CALENDAR_1735123208_830'),
(2259, 'TICKET_1735134174_823', 'B2', 'CALENDAR_1735123208_830'),
(2260, 'TICKET_1735134174_823', 'B4', 'CALENDAR_1735123208_830'),
(2261, 'TICKET_1735134174_823', 'B6', 'CALENDAR_1735123208_830'),
(2262, 'TICKET_1735134174_823', 'B8', 'CALENDAR_1735123208_830'),
(2263, 'TICKET_1735134174_823', 'C10', 'CALENDAR_1735123208_830'),
(2264, 'TICKET_1735134174_823', 'C3', 'CALENDAR_1735123208_830'),
(2265, 'TICKET_1735134174_823', 'C4', 'CALENDAR_1735123208_830'),
(2266, 'TICKET_1735134174_823', 'C7', 'CALENDAR_1735123208_830'),
(2267, 'TICKET_1735134174_823', 'D2', 'CALENDAR_1735123208_830'),
(2268, 'TICKET_1735134174_823', 'D6', 'CALENDAR_1735123208_830'),
(2269, 'TICKET_1735134174_823', 'D9', 'CALENDAR_1735123208_830'),
(2270, 'TICKET_1735134174_823', 'E10', 'CALENDAR_1735123208_830'),
(2271, 'TICKET_1735134174_823', 'E3', 'CALENDAR_1735123208_830'),
(2272, 'TICKET_1735134174_823', 'E7', 'CALENDAR_1735123208_830'),
(2273, 'TICKET_1735134174_823', 'F1', 'CALENDAR_1735123208_830'),
(2274, 'TICKET_1735134174_823', 'F2', 'CALENDAR_1735123208_830'),
(2275, 'TICKET_1735134174_823', 'F5', 'CALENDAR_1735123208_830'),
(2276, 'TICKET_1735134174_823', 'F9', 'CALENDAR_1735123208_830'),
(2277, 'TICKET_1735134174_823', 'G3', 'CALENDAR_1735123208_830'),
(2278, 'TICKET_1735134174_823', 'G6', 'CALENDAR_1735123208_830'),
(2279, 'TICKET_1735134174_823', 'G8', 'CALENDAR_1735123208_830'),
(2280, 'TICKET_1735134174_823', 'H10', 'CALENDAR_1735123208_830'),
(2281, 'TICKET_1735134174_823', 'H2', 'CALENDAR_1735123208_830'),
(2282, 'TICKET_1735134174_823', 'H6', 'CALENDAR_1735123208_830'),
(2283, 'TICKET_1735134174_823', 'H7', 'CALENDAR_1735123208_830'),
(2284, 'TICKET_1735134174_823', 'H9', 'CALENDAR_1735123208_830'),
(2285, 'TICKET_1735134240_393', 'A10', 'CALENDAR_1735123431_582'),
(2286, 'TICKET_1735134240_393', 'A2', 'CALENDAR_1735123431_582'),
(2287, 'TICKET_1735134240_393', 'A6', 'CALENDAR_1735123431_582'),
(2288, 'TICKET_1735134240_393', 'A7', 'CALENDAR_1735123431_582'),
(2289, 'TICKET_1735134240_393', 'B1', 'CALENDAR_1735123431_582'),
(2290, 'TICKET_1735134240_393', 'B3', 'CALENDAR_1735123431_582'),
(2291, 'TICKET_1735134240_393', 'B8', 'CALENDAR_1735123431_582'),
(2292, 'TICKET_1735134240_393', 'C2', 'CALENDAR_1735123431_582'),
(2293, 'TICKET_1735134240_393', 'C4', 'CALENDAR_1735123431_582'),
(2294, 'TICKET_1735134240_393', 'C7', 'CALENDAR_1735123431_582'),
(2295, 'TICKET_1735134240_393', 'D2', 'CALENDAR_1735123431_582'),
(2296, 'TICKET_1735134240_393', 'D5', 'CALENDAR_1735123431_582'),
(2297, 'TICKET_1735134240_393', 'D6', 'CALENDAR_1735123431_582'),
(2298, 'TICKET_1735134240_393', 'D8', 'CALENDAR_1735123431_582'),
(2299, 'TICKET_1735134240_393', 'E10', 'CALENDAR_1735123431_582'),
(2300, 'TICKET_1735134240_393', 'E2', 'CALENDAR_1735123431_582'),
(2301, 'TICKET_1735134240_393', 'E7', 'CALENDAR_1735123431_582'),
(2302, 'TICKET_1735134240_393', 'F1', 'CALENDAR_1735123431_582'),
(2303, 'TICKET_1735134240_393', 'F5', 'CALENDAR_1735123431_582'),
(2304, 'TICKET_1735134240_393', 'F7', 'CALENDAR_1735123431_582'),
(2305, 'TICKET_1735134240_393', 'G2', 'CALENDAR_1735123431_582'),
(2306, 'TICKET_1735134240_393', 'G4', 'CALENDAR_1735123431_582'),
(2307, 'TICKET_1735134240_393', 'G8', 'CALENDAR_1735123431_582'),
(2308, 'TICKET_1735134240_393', 'H10', 'CALENDAR_1735123431_582'),
(2309, 'TICKET_1735134240_393', 'H2', 'CALENDAR_1735123431_582'),
(2310, 'TICKET_1735134240_393', 'H4', 'CALENDAR_1735123431_582'),
(2311, 'TICKET_1735134240_393', 'H6', 'CALENDAR_1735123431_582'),
(2312, 'TICKET_1735134240_393', 'H9', 'CALENDAR_1735123431_582'),
(2313, 'TICKET_1735134308_520', 'A1', 'CALENDAR_1735123631_081'),
(2314, 'TICKET_1735134308_520', 'A10', 'CALENDAR_1735123631_081'),
(2315, 'TICKET_1735134308_520', 'A5', 'CALENDAR_1735123631_081'),
(2316, 'TICKET_1735134308_520', 'A9', 'CALENDAR_1735123631_081'),
(2317, 'TICKET_1735134308_520', 'B10', 'CALENDAR_1735123631_081'),
(2318, 'TICKET_1735134308_520', 'B3', 'CALENDAR_1735123631_081'),
(2319, 'TICKET_1735134308_520', 'B7', 'CALENDAR_1735123631_081'),
(2320, 'TICKET_1735134308_520', 'C2', 'CALENDAR_1735123631_081'),
(2321, 'TICKET_1735134308_520', 'C4', 'CALENDAR_1735123631_081'),
(2322, 'TICKET_1735134308_520', 'C5', 'CALENDAR_1735123631_081'),
(2323, 'TICKET_1735134308_520', 'C9', 'CALENDAR_1735123631_081'),
(2324, 'TICKET_1735134308_520', 'D2', 'CALENDAR_1735123631_081'),
(2325, 'TICKET_1735134308_520', 'D7', 'CALENDAR_1735123631_081'),
(2326, 'TICKET_1735134308_520', 'E3', 'CALENDAR_1735123631_081'),
(2327, 'TICKET_1735134308_520', 'E7', 'CALENDAR_1735123631_081'),
(2328, 'TICKET_1735134308_520', 'E9', 'CALENDAR_1735123631_081'),
(2329, 'TICKET_1735134308_520', 'F10', 'CALENDAR_1735123631_081'),
(2330, 'TICKET_1735134308_520', 'F2', 'CALENDAR_1735123631_081'),
(2331, 'TICKET_1735134308_520', 'F5', 'CALENDAR_1735123631_081'),
(2332, 'TICKET_1735134308_520', 'F7', 'CALENDAR_1735123631_081'),
(2333, 'TICKET_1735134308_520', 'G3', 'CALENDAR_1735123631_081'),
(2334, 'TICKET_1735134308_520', 'G6', 'CALENDAR_1735123631_081'),
(2335, 'TICKET_1735134308_520', 'G9', 'CALENDAR_1735123631_081'),
(2336, 'TICKET_1735134308_520', 'H2', 'CALENDAR_1735123631_081'),
(2337, 'TICKET_1735134308_520', 'H5', 'CALENDAR_1735123631_081'),
(2338, 'TICKET_1735134308_520', 'H8', 'CALENDAR_1735123631_081'),
(2339, 'TICKET_1735134308_520', 'H9', 'CALENDAR_1735123631_081'),
(2340, 'TICKET_1735134358_423', 'A1', 'CALENDAR_1735123227_987'),
(2341, 'TICKET_1735134358_423', 'A10', 'CALENDAR_1735123227_987'),
(2342, 'TICKET_1735134358_423', 'A5', 'CALENDAR_1735123227_987'),
(2343, 'TICKET_1735134358_423', 'A8', 'CALENDAR_1735123227_987'),
(2344, 'TICKET_1735134358_423', 'B10', 'CALENDAR_1735123227_987'),
(2345, 'TICKET_1735134358_423', 'B3', 'CALENDAR_1735123227_987'),
(2346, 'TICKET_1735134358_423', 'B4', 'CALENDAR_1735123227_987'),
(2347, 'TICKET_1735134358_423', 'B7', 'CALENDAR_1735123227_987'),
(2348, 'TICKET_1735134358_423', 'C10', 'CALENDAR_1735123227_987'),
(2349, 'TICKET_1735134358_423', 'C2', 'CALENDAR_1735123227_987'),
(2350, 'TICKET_1735134358_423', 'C7', 'CALENDAR_1735123227_987'),
(2351, 'TICKET_1735134358_423', 'D1', 'CALENDAR_1735123227_987'),
(2352, 'TICKET_1735134358_423', 'D3', 'CALENDAR_1735123227_987'),
(2353, 'TICKET_1735134358_423', 'D5', 'CALENDAR_1735123227_987'),
(2354, 'TICKET_1735134358_423', 'D6', 'CALENDAR_1735123227_987'),
(2355, 'TICKET_1735134358_423', 'D8', 'CALENDAR_1735123227_987'),
(2356, 'TICKET_1735134358_423', 'E10', 'CALENDAR_1735123227_987'),
(2357, 'TICKET_1735134358_423', 'E3', 'CALENDAR_1735123227_987'),
(2358, 'TICKET_1735134358_423', 'E7', 'CALENDAR_1735123227_987'),
(2359, 'TICKET_1735134358_423', 'F1', 'CALENDAR_1735123227_987'),
(2360, 'TICKET_1735134358_423', 'F2', 'CALENDAR_1735123227_987'),
(2361, 'TICKET_1735134358_423', 'F4', 'CALENDAR_1735123227_987'),
(2362, 'TICKET_1735134358_423', 'F5', 'CALENDAR_1735123227_987'),
(2363, 'TICKET_1735134358_423', 'F8', 'CALENDAR_1735123227_987'),
(2364, 'TICKET_1735134358_423', 'G2', 'CALENDAR_1735123227_987'),
(2365, 'TICKET_1735134358_423', 'G4', 'CALENDAR_1735123227_987'),
(2366, 'TICKET_1735134358_423', 'G7', 'CALENDAR_1735123227_987'),
(2367, 'TICKET_1735134358_423', 'H10', 'CALENDAR_1735123227_987'),
(2368, 'TICKET_1735134358_423', 'H2', 'CALENDAR_1735123227_987'),
(2369, 'TICKET_1735134358_423', 'H4', 'CALENDAR_1735123227_987'),
(2370, 'TICKET_1735134358_423', 'H7', 'CALENDAR_1735123227_987'),
(2371, 'TICKET_1735134358_423', 'H8', 'CALENDAR_1735123227_987'),
(2372, 'TICKET_1735134413_525', 'A3', 'CALENDAR_1735123367_175'),
(2373, 'TICKET_1735134413_525', 'A5', 'CALENDAR_1735123367_175'),
(2374, 'TICKET_1735134413_525', 'A7', 'CALENDAR_1735123367_175'),
(2375, 'TICKET_1735134413_525', 'A8', 'CALENDAR_1735123367_175'),
(2376, 'TICKET_1735134413_525', 'B2', 'CALENDAR_1735123367_175'),
(2377, 'TICKET_1735134413_525', 'B5', 'CALENDAR_1735123367_175'),
(2378, 'TICKET_1735134413_525', 'B8', 'CALENDAR_1735123367_175'),
(2379, 'TICKET_1735134413_525', 'C10', 'CALENDAR_1735123367_175'),
(2380, 'TICKET_1735134413_525', 'C4', 'CALENDAR_1735123367_175'),
(2381, 'TICKET_1735134413_525', 'D1', 'CALENDAR_1735123367_175'),
(2382, 'TICKET_1735134413_525', 'D10', 'CALENDAR_1735123367_175'),
(2383, 'TICKET_1735134413_525', 'D3', 'CALENDAR_1735123367_175'),
(2384, 'TICKET_1735134413_525', 'D6', 'CALENDAR_1735123367_175'),
(2385, 'TICKET_1735134413_525', 'D7', 'CALENDAR_1735123367_175'),
(2386, 'TICKET_1735134413_525', 'E10', 'CALENDAR_1735123367_175'),
(2387, 'TICKET_1735134413_525', 'E2', 'CALENDAR_1735123367_175'),
(2388, 'TICKET_1735134413_525', 'E6', 'CALENDAR_1735123367_175');
INSERT INTO `seat` (`id`, `idTicket`, `location`, `idCalendar`) VALUES
(2389, 'TICKET_1735134413_525', 'E8', 'CALENDAR_1735123367_175'),
(2390, 'TICKET_1735134413_525', 'F1', 'CALENDAR_1735123367_175'),
(2391, 'TICKET_1735134413_525', 'F5', 'CALENDAR_1735123367_175'),
(2392, 'TICKET_1735134413_525', 'F8', 'CALENDAR_1735123367_175'),
(2393, 'TICKET_1735134413_525', 'F9', 'CALENDAR_1735123367_175'),
(2394, 'TICKET_1735134413_525', 'G10', 'CALENDAR_1735123367_175'),
(2395, 'TICKET_1735134413_525', 'G2', 'CALENDAR_1735123367_175'),
(2396, 'TICKET_1735134413_525', 'G4', 'CALENDAR_1735123367_175'),
(2397, 'TICKET_1735134413_525', 'G7', 'CALENDAR_1735123367_175'),
(2398, 'TICKET_1735134413_525', 'G8', 'CALENDAR_1735123367_175'),
(2399, 'TICKET_1735134413_525', 'H10', 'CALENDAR_1735123367_175'),
(2400, 'TICKET_1735134413_525', 'H2', 'CALENDAR_1735123367_175'),
(2401, 'TICKET_1735134413_525', 'H5', 'CALENDAR_1735123367_175'),
(2402, 'TICKET_1735134413_525', 'H6', 'CALENDAR_1735123367_175'),
(2403, 'TICKET_1735134486_818', 'A1', 'CALENDAR_1735123148_441'),
(2404, 'TICKET_1735134486_818', 'A10', 'CALENDAR_1735123148_441'),
(2405, 'TICKET_1735134486_818', 'A2', 'CALENDAR_1735123148_441'),
(2406, 'TICKET_1735134486_818', 'A7', 'CALENDAR_1735123148_441'),
(2407, 'TICKET_1735134486_818', 'A9', 'CALENDAR_1735123148_441'),
(2408, 'TICKET_1735134486_818', 'B4', 'CALENDAR_1735123148_441'),
(2409, 'TICKET_1735134486_818', 'B7', 'CALENDAR_1735123148_441'),
(2410, 'TICKET_1735134486_818', 'C2', 'CALENDAR_1735123148_441'),
(2411, 'TICKET_1735134486_818', 'C3', 'CALENDAR_1735123148_441'),
(2412, 'TICKET_1735134486_818', 'C6', 'CALENDAR_1735123148_441'),
(2413, 'TICKET_1735134486_818', 'D2', 'CALENDAR_1735123148_441'),
(2414, 'TICKET_1735134486_818', 'D3', 'CALENDAR_1735123148_441'),
(2415, 'TICKET_1735134486_818', 'D5', 'CALENDAR_1735123148_441'),
(2416, 'TICKET_1735134486_818', 'D9', 'CALENDAR_1735123148_441'),
(2417, 'TICKET_1735134486_818', 'E2', 'CALENDAR_1735123148_441'),
(2418, 'TICKET_1735134486_818', 'E5', 'CALENDAR_1735123148_441'),
(2419, 'TICKET_1735134486_818', 'E7', 'CALENDAR_1735123148_441'),
(2420, 'TICKET_1735134486_818', 'F2', 'CALENDAR_1735123148_441'),
(2421, 'TICKET_1735134486_818', 'F5', 'CALENDAR_1735123148_441'),
(2422, 'TICKET_1735134486_818', 'F8', 'CALENDAR_1735123148_441'),
(2423, 'TICKET_1735134486_818', 'G1', 'CALENDAR_1735123148_441'),
(2424, 'TICKET_1735134486_818', 'G10', 'CALENDAR_1735123148_441'),
(2425, 'TICKET_1735134486_818', 'G4', 'CALENDAR_1735123148_441'),
(2426, 'TICKET_1735134486_818', 'G6', 'CALENDAR_1735123148_441'),
(2427, 'TICKET_1735134486_818', 'H2', 'CALENDAR_1735123148_441'),
(2428, 'TICKET_1735134486_818', 'H3', 'CALENDAR_1735123148_441'),
(2429, 'TICKET_1735134486_818', 'H7', 'CALENDAR_1735123148_441'),
(2430, 'TICKET_1735134486_818', 'H9', 'CALENDAR_1735123148_441'),
(2431, 'TICKET_1735134564_699', 'A2', 'CALENDAR_1735123351_017'),
(2432, 'TICKET_1735134564_699', 'A4', 'CALENDAR_1735123351_017'),
(2433, 'TICKET_1735134564_699', 'A9', 'CALENDAR_1735123351_017'),
(2434, 'TICKET_1735134564_699', 'B2', 'CALENDAR_1735123351_017'),
(2435, 'TICKET_1735134564_699', 'B3', 'CALENDAR_1735123351_017'),
(2436, 'TICKET_1735134564_699', 'B8', 'CALENDAR_1735123351_017'),
(2437, 'TICKET_1735134564_699', 'C1', 'CALENDAR_1735123351_017'),
(2438, 'TICKET_1735134564_699', 'C10', 'CALENDAR_1735123351_017'),
(2439, 'TICKET_1735134564_699', 'C6', 'CALENDAR_1735123351_017'),
(2440, 'TICKET_1735134564_699', 'C7', 'CALENDAR_1735123351_017'),
(2441, 'TICKET_1735134564_699', 'D2', 'CALENDAR_1735123351_017'),
(2442, 'TICKET_1735134564_699', 'D5', 'CALENDAR_1735123351_017'),
(2443, 'TICKET_1735134564_699', 'D9', 'CALENDAR_1735123351_017'),
(2444, 'TICKET_1735134564_699', 'E1', 'CALENDAR_1735123351_017'),
(2445, 'TICKET_1735134564_699', 'E7', 'CALENDAR_1735123351_017'),
(2446, 'TICKET_1735134564_699', 'F10', 'CALENDAR_1735123351_017'),
(2447, 'TICKET_1735134564_699', 'F2', 'CALENDAR_1735123351_017'),
(2448, 'TICKET_1735134564_699', 'F5', 'CALENDAR_1735123351_017'),
(2449, 'TICKET_1735134564_699', 'F8', 'CALENDAR_1735123351_017'),
(2450, 'TICKET_1735134564_699', 'G3', 'CALENDAR_1735123351_017'),
(2451, 'TICKET_1735134564_699', 'G6', 'CALENDAR_1735123351_017'),
(2452, 'TICKET_1735134564_699', 'H1', 'CALENDAR_1735123351_017'),
(2453, 'TICKET_1735134564_699', 'H10', 'CALENDAR_1735123351_017'),
(2454, 'TICKET_1735134564_699', 'H5', 'CALENDAR_1735123351_017'),
(2455, 'TICKET_1735134564_699', 'H8', 'CALENDAR_1735123351_017'),
(2456, 'TICKET_1735134564_699', 'H9', 'CALENDAR_1735123351_017'),
(2457, 'TICKET_1735134623_670', 'A1', 'CALENDAR_1735123468_966'),
(2458, 'TICKET_1735134623_670', 'A10', 'CALENDAR_1735123468_966'),
(2459, 'TICKET_1735134623_670', 'A4', 'CALENDAR_1735123468_966'),
(2460, 'TICKET_1735134623_670', 'A8', 'CALENDAR_1735123468_966'),
(2461, 'TICKET_1735134623_670', 'A9', 'CALENDAR_1735123468_966'),
(2462, 'TICKET_1735134623_670', 'B1', 'CALENDAR_1735123468_966'),
(2463, 'TICKET_1735134623_670', 'B2', 'CALENDAR_1735123468_966'),
(2464, 'TICKET_1735134623_670', 'B6', 'CALENDAR_1735123468_966'),
(2465, 'TICKET_1735134623_670', 'B8', 'CALENDAR_1735123468_966'),
(2466, 'TICKET_1735134623_670', 'C3', 'CALENDAR_1735123468_966'),
(2467, 'TICKET_1735134623_670', 'C8', 'CALENDAR_1735123468_966'),
(2468, 'TICKET_1735134623_670', 'C9', 'CALENDAR_1735123468_966'),
(2469, 'TICKET_1735134623_670', 'D5', 'CALENDAR_1735123468_966'),
(2470, 'TICKET_1735134623_670', 'E1', 'CALENDAR_1735123468_966'),
(2471, 'TICKET_1735134623_670', 'E10', 'CALENDAR_1735123468_966'),
(2472, 'TICKET_1735134623_670', 'E2', 'CALENDAR_1735123468_966'),
(2473, 'TICKET_1735134623_670', 'E3', 'CALENDAR_1735123468_966'),
(2474, 'TICKET_1735134623_670', 'E7', 'CALENDAR_1735123468_966'),
(2475, 'TICKET_1735134623_670', 'E9', 'CALENDAR_1735123468_966'),
(2476, 'TICKET_1735134623_670', 'F1', 'CALENDAR_1735123468_966'),
(2477, 'TICKET_1735134623_670', 'F10', 'CALENDAR_1735123468_966'),
(2478, 'TICKET_1735134623_670', 'F2', 'CALENDAR_1735123468_966'),
(2479, 'TICKET_1735134623_670', 'F6', 'CALENDAR_1735123468_966'),
(2480, 'TICKET_1735134623_670', 'F7', 'CALENDAR_1735123468_966'),
(2481, 'TICKET_1735134623_670', 'F9', 'CALENDAR_1735123468_966'),
(2482, 'TICKET_1735134623_670', 'G1', 'CALENDAR_1735123468_966'),
(2483, 'TICKET_1735134623_670', 'G5', 'CALENDAR_1735123468_966'),
(2484, 'TICKET_1735134623_670', 'G7', 'CALENDAR_1735123468_966'),
(2485, 'TICKET_1735134623_670', 'H10', 'CALENDAR_1735123468_966'),
(2486, 'TICKET_1735134623_670', 'H2', 'CALENDAR_1735123468_966'),
(2487, 'TICKET_1735134623_670', 'H3', 'CALENDAR_1735123468_966'),
(2488, 'TICKET_1735134623_670', 'H8', 'CALENDAR_1735123468_966'),
(2489, 'TICKET_1735134623_670', 'H9', 'CALENDAR_1735123468_966'),
(2490, 'TICKET_1735134702_952', 'A10', 'CALENDAR_1735123639_396'),
(2491, 'TICKET_1735134702_952', 'A3', 'CALENDAR_1735123639_396'),
(2492, 'TICKET_1735134702_952', 'A7', 'CALENDAR_1735123639_396'),
(2493, 'TICKET_1735134702_952', 'B2', 'CALENDAR_1735123639_396'),
(2494, 'TICKET_1735134702_952', 'B3', 'CALENDAR_1735123639_396'),
(2495, 'TICKET_1735134702_952', 'B6', 'CALENDAR_1735123639_396'),
(2496, 'TICKET_1735134702_952', 'B8', 'CALENDAR_1735123639_396'),
(2497, 'TICKET_1735134702_952', 'C2', 'CALENDAR_1735123639_396'),
(2498, 'TICKET_1735134702_952', 'C5', 'CALENDAR_1735123639_396'),
(2499, 'TICKET_1735134702_952', 'C7', 'CALENDAR_1735123639_396'),
(2500, 'TICKET_1735134702_952', 'C9', 'CALENDAR_1735123639_396'),
(2501, 'TICKET_1735134702_952', 'D1', 'CALENDAR_1735123639_396'),
(2502, 'TICKET_1735134702_952', 'D10', 'CALENDAR_1735123639_396'),
(2503, 'TICKET_1735134702_952', 'D2', 'CALENDAR_1735123639_396'),
(2504, 'TICKET_1735134702_952', 'D6', 'CALENDAR_1735123639_396'),
(2505, 'TICKET_1735134702_952', 'D8', 'CALENDAR_1735123639_396'),
(2506, 'TICKET_1735134702_952', 'E3', 'CALENDAR_1735123639_396'),
(2507, 'TICKET_1735134702_952', 'E4', 'CALENDAR_1735123639_396'),
(2508, 'TICKET_1735134702_952', 'E6', 'CALENDAR_1735123639_396'),
(2509, 'TICKET_1735134702_952', 'E9', 'CALENDAR_1735123639_396'),
(2510, 'TICKET_1735134702_952', 'F1', 'CALENDAR_1735123639_396'),
(2511, 'TICKET_1735134702_952', 'F2', 'CALENDAR_1735123639_396'),
(2512, 'TICKET_1735134702_952', 'F5', 'CALENDAR_1735123639_396'),
(2513, 'TICKET_1735134702_952', 'F8', 'CALENDAR_1735123639_396'),
(2514, 'TICKET_1735134702_952', 'G10', 'CALENDAR_1735123639_396'),
(2515, 'TICKET_1735134702_952', 'G3', 'CALENDAR_1735123639_396'),
(2516, 'TICKET_1735134702_952', 'G5', 'CALENDAR_1735123639_396'),
(2517, 'TICKET_1735134702_952', 'G7', 'CALENDAR_1735123639_396'),
(2518, 'TICKET_1735134702_952', 'H10', 'CALENDAR_1735123639_396'),
(2519, 'TICKET_1735134702_952', 'H2', 'CALENDAR_1735123639_396'),
(2520, 'TICKET_1735134702_952', 'H4', 'CALENDAR_1735123639_396'),
(2521, 'TICKET_1735134702_952', 'H8', 'CALENDAR_1735123639_396'),
(2522, 'TICKET_1735134833_262', 'A1', 'CALENDAR_1735123931_732'),
(2523, 'TICKET_1735134833_262', 'A10', 'CALENDAR_1735123931_732'),
(2524, 'TICKET_1735134833_262', 'A3', 'CALENDAR_1735123931_732'),
(2525, 'TICKET_1735134833_262', 'A4', 'CALENDAR_1735123931_732'),
(2526, 'TICKET_1735134833_262', 'A6', 'CALENDAR_1735123931_732'),
(2527, 'TICKET_1735134833_262', 'A8', 'CALENDAR_1735123931_732'),
(2528, 'TICKET_1735134833_262', 'B2', 'CALENDAR_1735123931_732'),
(2529, 'TICKET_1735134833_262', 'B3', 'CALENDAR_1735123931_732'),
(2530, 'TICKET_1735134833_262', 'B5', 'CALENDAR_1735123931_732'),
(2531, 'TICKET_1735134833_262', 'B7', 'CALENDAR_1735123931_732'),
(2532, 'TICKET_1735134833_262', 'B9', 'CALENDAR_1735123931_732'),
(2533, 'TICKET_1735134833_262', 'C10', 'CALENDAR_1735123931_732'),
(2534, 'TICKET_1735134833_262', 'C2', 'CALENDAR_1735123931_732'),
(2535, 'TICKET_1735134833_262', 'C6', 'CALENDAR_1735123931_732'),
(2536, 'TICKET_1735134833_262', 'C7', 'CALENDAR_1735123931_732'),
(2537, 'TICKET_1735134833_262', 'D1', 'CALENDAR_1735123931_732'),
(2538, 'TICKET_1735134833_262', 'D5', 'CALENDAR_1735123931_732'),
(2539, 'TICKET_1735134833_262', 'D8', 'CALENDAR_1735123931_732'),
(2540, 'TICKET_1735134833_262', 'D9', 'CALENDAR_1735123931_732'),
(2541, 'TICKET_1735134833_262', 'E3', 'CALENDAR_1735123931_732'),
(2542, 'TICKET_1735134833_262', 'E6', 'CALENDAR_1735123931_732'),
(2543, 'TICKET_1735134833_262', 'E8', 'CALENDAR_1735123931_732'),
(2544, 'TICKET_1735134833_262', 'F2', 'CALENDAR_1735123931_732'),
(2545, 'TICKET_1735134833_262', 'F5', 'CALENDAR_1735123931_732'),
(2546, 'TICKET_1735134833_262', 'F9', 'CALENDAR_1735123931_732'),
(2547, 'TICKET_1735134833_262', 'G1', 'CALENDAR_1735123931_732'),
(2548, 'TICKET_1735134833_262', 'G3', 'CALENDAR_1735123931_732'),
(2549, 'TICKET_1735134833_262', 'G6', 'CALENDAR_1735123931_732'),
(2550, 'TICKET_1735134833_262', 'G7', 'CALENDAR_1735123931_732'),
(2551, 'TICKET_1735134833_262', 'G8', 'CALENDAR_1735123931_732'),
(2552, 'TICKET_1735134833_262', 'H10', 'CALENDAR_1735123931_732'),
(2553, 'TICKET_1735134833_262', 'H2', 'CALENDAR_1735123931_732'),
(2554, 'TICKET_1735134833_262', 'H3', 'CALENDAR_1735123931_732'),
(2555, 'TICKET_1735134833_262', 'H6', 'CALENDAR_1735123931_732'),
(2556, 'TICKET_1735134833_262', 'H9', 'CALENDAR_1735123931_732'),
(2557, 'TICKET_1735134938_373', 'A3', 'CALENDAR_1735123253_418'),
(2558, 'TICKET_1735134938_373', 'A4', 'CALENDAR_1735123253_418'),
(2559, 'TICKET_1735134938_373', 'A8', 'CALENDAR_1735123253_418'),
(2560, 'TICKET_1735134938_373', 'B2', 'CALENDAR_1735123253_418'),
(2561, 'TICKET_1735134938_373', 'B4', 'CALENDAR_1735123253_418'),
(2562, 'TICKET_1735134938_373', 'B7', 'CALENDAR_1735123253_418'),
(2563, 'TICKET_1735134938_373', 'B9', 'CALENDAR_1735123253_418'),
(2564, 'TICKET_1735134938_373', 'C1', 'CALENDAR_1735123253_418'),
(2565, 'TICKET_1735134938_373', 'C6', 'CALENDAR_1735123253_418'),
(2566, 'TICKET_1735134938_373', 'C8', 'CALENDAR_1735123253_418'),
(2567, 'TICKET_1735134938_373', 'D10', 'CALENDAR_1735123253_418'),
(2568, 'TICKET_1735134938_373', 'D2', 'CALENDAR_1735123253_418'),
(2569, 'TICKET_1735134938_373', 'D3', 'CALENDAR_1735123253_418'),
(2570, 'TICKET_1735134938_373', 'D5', 'CALENDAR_1735123253_418'),
(2571, 'TICKET_1735134938_373', 'D8', 'CALENDAR_1735123253_418'),
(2572, 'TICKET_1735134938_373', 'E2', 'CALENDAR_1735123253_418'),
(2573, 'TICKET_1735134938_373', 'E4', 'CALENDAR_1735123253_418'),
(2574, 'TICKET_1735134938_373', 'E6', 'CALENDAR_1735123253_418'),
(2575, 'TICKET_1735134938_373', 'E9', 'CALENDAR_1735123253_418'),
(2576, 'TICKET_1735134938_373', 'F1', 'CALENDAR_1735123253_418'),
(2577, 'TICKET_1735134938_373', 'F10', 'CALENDAR_1735123253_418'),
(2578, 'TICKET_1735134938_373', 'F5', 'CALENDAR_1735123253_418'),
(2579, 'TICKET_1735134938_373', 'F8', 'CALENDAR_1735123253_418'),
(2580, 'TICKET_1735134938_373', 'G3', 'CALENDAR_1735123253_418'),
(2581, 'TICKET_1735134938_373', 'G6', 'CALENDAR_1735123253_418'),
(2582, 'TICKET_1735134938_373', 'G9', 'CALENDAR_1735123253_418'),
(2583, 'TICKET_1735134938_373', 'H1', 'CALENDAR_1735123253_418'),
(2584, 'TICKET_1735134938_373', 'H10', 'CALENDAR_1735123253_418'),
(2585, 'TICKET_1735134938_373', 'H2', 'CALENDAR_1735123253_418'),
(2586, 'TICKET_1735134938_373', 'H5', 'CALENDAR_1735123253_418'),
(2587, 'TICKET_1735134938_373', 'H8', 'CALENDAR_1735123253_418'),
(2588, 'TICKET_1735134997_041', 'A3', 'CALENDAR_1735123239_727'),
(2589, 'TICKET_1735134997_041', 'A5', 'CALENDAR_1735123239_727'),
(2590, 'TICKET_1735134997_041', 'A7', 'CALENDAR_1735123239_727'),
(2591, 'TICKET_1735134997_041', 'B2', 'CALENDAR_1735123239_727'),
(2592, 'TICKET_1735134997_041', 'B5', 'CALENDAR_1735123239_727'),
(2593, 'TICKET_1735134997_041', 'B9', 'CALENDAR_1735123239_727'),
(2594, 'TICKET_1735134997_041', 'C1', 'CALENDAR_1735123239_727'),
(2595, 'TICKET_1735134997_041', 'C10', 'CALENDAR_1735123239_727'),
(2596, 'TICKET_1735134997_041', 'C4', 'CALENDAR_1735123239_727'),
(2597, 'TICKET_1735134997_041', 'C6', 'CALENDAR_1735123239_727'),
(2598, 'TICKET_1735134997_041', 'C8', 'CALENDAR_1735123239_727'),
(2599, 'TICKET_1735134997_041', 'D2', 'CALENDAR_1735123239_727'),
(2600, 'TICKET_1735134997_041', 'D3', 'CALENDAR_1735123239_727'),
(2601, 'TICKET_1735134997_041', 'D6', 'CALENDAR_1735123239_727'),
(2602, 'TICKET_1735134997_041', 'D8', 'CALENDAR_1735123239_727'),
(2603, 'TICKET_1735134997_041', 'E1', 'CALENDAR_1735123239_727'),
(2604, 'TICKET_1735134997_041', 'E10', 'CALENDAR_1735123239_727'),
(2605, 'TICKET_1735134997_041', 'E5', 'CALENDAR_1735123239_727'),
(2606, 'TICKET_1735134997_041', 'E9', 'CALENDAR_1735123239_727'),
(2607, 'TICKET_1735134997_041', 'F2', 'CALENDAR_1735123239_727'),
(2608, 'TICKET_1735134997_041', 'F6', 'CALENDAR_1735123239_727'),
(2609, 'TICKET_1735134997_041', 'F7', 'CALENDAR_1735123239_727'),
(2610, 'TICKET_1735134997_041', 'G1', 'CALENDAR_1735123239_727'),
(2611, 'TICKET_1735134997_041', 'G3', 'CALENDAR_1735123239_727'),
(2612, 'TICKET_1735134997_041', 'G5', 'CALENDAR_1735123239_727'),
(2613, 'TICKET_1735134997_041', 'G8', 'CALENDAR_1735123239_727'),
(2614, 'TICKET_1735134997_041', 'H10', 'CALENDAR_1735123239_727'),
(2615, 'TICKET_1735134997_041', 'H2', 'CALENDAR_1735123239_727'),
(2616, 'TICKET_1735134997_041', 'H4', 'CALENDAR_1735123239_727'),
(2617, 'TICKET_1735134997_041', 'H7', 'CALENDAR_1735123239_727'),
(2618, 'TICKET_1735134997_041', 'H9', 'CALENDAR_1735123239_727'),
(2619, 'TICKET_1735135054_795', 'A10', 'CALENDAR_1735123478_461'),
(2620, 'TICKET_1735135054_795', 'A3', 'CALENDAR_1735123478_461'),
(2621, 'TICKET_1735135054_795', 'A6', 'CALENDAR_1735123478_461'),
(2622, 'TICKET_1735135054_795', 'B1', 'CALENDAR_1735123478_461'),
(2623, 'TICKET_1735135054_795', 'B10', 'CALENDAR_1735123478_461'),
(2624, 'TICKET_1735135054_795', 'B5', 'CALENDAR_1735123478_461'),
(2625, 'TICKET_1735135054_795', 'B7', 'CALENDAR_1735123478_461'),
(2626, 'TICKET_1735135054_795', 'B8', 'CALENDAR_1735123478_461'),
(2627, 'TICKET_1735135054_795', 'C10', 'CALENDAR_1735123478_461'),
(2628, 'TICKET_1735135054_795', 'C2', 'CALENDAR_1735123478_461'),
(2629, 'TICKET_1735135054_795', 'C3', 'CALENDAR_1735123478_461'),
(2630, 'TICKET_1735135054_795', 'C5', 'CALENDAR_1735123478_461'),
(2631, 'TICKET_1735135054_795', 'C8', 'CALENDAR_1735123478_461'),
(2632, 'TICKET_1735135054_795', 'D2', 'CALENDAR_1735123478_461'),
(2633, 'TICKET_1735135054_795', 'D6', 'CALENDAR_1735123478_461'),
(2634, 'TICKET_1735135054_795', 'D8', 'CALENDAR_1735123478_461'),
(2635, 'TICKET_1735135054_795', 'D9', 'CALENDAR_1735123478_461'),
(2636, 'TICKET_1735135054_795', 'E1', 'CALENDAR_1735123478_461'),
(2637, 'TICKET_1735135054_795', 'E10', 'CALENDAR_1735123478_461'),
(2638, 'TICKET_1735135054_795', 'E2', 'CALENDAR_1735123478_461'),
(2639, 'TICKET_1735135054_795', 'E5', 'CALENDAR_1735123478_461'),
(2640, 'TICKET_1735135054_795', 'E7', 'CALENDAR_1735123478_461'),
(2641, 'TICKET_1735135054_795', 'F2', 'CALENDAR_1735123478_461'),
(2642, 'TICKET_1735135054_795', 'F3', 'CALENDAR_1735123478_461'),
(2643, 'TICKET_1735135054_795', 'F4', 'CALENDAR_1735123478_461'),
(2644, 'TICKET_1735135054_795', 'F7', 'CALENDAR_1735123478_461'),
(2645, 'TICKET_1735135054_795', 'F9', 'CALENDAR_1735123478_461'),
(2646, 'TICKET_1735135054_795', 'G1', 'CALENDAR_1735123478_461'),
(2647, 'TICKET_1735135054_795', 'G10', 'CALENDAR_1735123478_461'),
(2648, 'TICKET_1735135054_795', 'G2', 'CALENDAR_1735123478_461'),
(2649, 'TICKET_1735135054_795', 'G4', 'CALENDAR_1735123478_461'),
(2650, 'TICKET_1735135054_795', 'G9', 'CALENDAR_1735123478_461'),
(2651, 'TICKET_1735135054_795', 'H10', 'CALENDAR_1735123478_461'),
(2652, 'TICKET_1735135054_795', 'H2', 'CALENDAR_1735123478_461'),
(2653, 'TICKET_1735135054_795', 'H5', 'CALENDAR_1735123478_461'),
(2654, 'TICKET_1735135054_795', 'H6', 'CALENDAR_1735123478_461'),
(2655, 'TICKET_1735135054_795', 'H7', 'CALENDAR_1735123478_461'),
(2656, 'TICKET_1735135131_669', 'A1', 'CALENDAR_1735123952_498'),
(2657, 'TICKET_1735135131_669', 'A10', 'CALENDAR_1735123952_498'),
(2658, 'TICKET_1735135131_669', 'A3', 'CALENDAR_1735123952_498'),
(2659, 'TICKET_1735135131_669', 'A7', 'CALENDAR_1735123952_498'),
(2660, 'TICKET_1735135131_669', 'B10', 'CALENDAR_1735123952_498'),
(2661, 'TICKET_1735135131_669', 'B2', 'CALENDAR_1735123952_498'),
(2662, 'TICKET_1735135131_669', 'B5', 'CALENDAR_1735123952_498'),
(2663, 'TICKET_1735135131_669', 'B7', 'CALENDAR_1735123952_498'),
(2664, 'TICKET_1735135131_669', 'B8', 'CALENDAR_1735123952_498'),
(2665, 'TICKET_1735135131_669', 'C10', 'CALENDAR_1735123952_498'),
(2666, 'TICKET_1735135131_669', 'C2', 'CALENDAR_1735123952_498'),
(2667, 'TICKET_1735135131_669', 'C5', 'CALENDAR_1735123952_498'),
(2668, 'TICKET_1735135131_669', 'C8', 'CALENDAR_1735123952_498'),
(2669, 'TICKET_1735135131_669', 'D1', 'CALENDAR_1735123952_498'),
(2670, 'TICKET_1735135131_669', 'D10', 'CALENDAR_1735123952_498'),
(2671, 'TICKET_1735135131_669', 'D2', 'CALENDAR_1735123952_498'),
(2672, 'TICKET_1735135131_669', 'D6', 'CALENDAR_1735123952_498'),
(2673, 'TICKET_1735135131_669', 'E2', 'CALENDAR_1735123952_498'),
(2674, 'TICKET_1735135131_669', 'E5', 'CALENDAR_1735123952_498'),
(2675, 'TICKET_1735135131_669', 'E8', 'CALENDAR_1735123952_498'),
(2676, 'TICKET_1735135131_669', 'E9', 'CALENDAR_1735123952_498'),
(2677, 'TICKET_1735135131_669', 'F3', 'CALENDAR_1735123952_498'),
(2678, 'TICKET_1735135131_669', 'F6', 'CALENDAR_1735123952_498'),
(2679, 'TICKET_1735135131_669', 'F8', 'CALENDAR_1735123952_498'),
(2680, 'TICKET_1735135131_669', 'G10', 'CALENDAR_1735123952_498'),
(2681, 'TICKET_1735135131_669', 'G2', 'CALENDAR_1735123952_498'),
(2682, 'TICKET_1735135131_669', 'G5', 'CALENDAR_1735123952_498'),
(2683, 'TICKET_1735135131_669', 'G9', 'CALENDAR_1735123952_498'),
(2684, 'TICKET_1735135131_669', 'H1', 'CALENDAR_1735123952_498'),
(2685, 'TICKET_1735135131_669', 'H10', 'CALENDAR_1735123952_498'),
(2686, 'TICKET_1735135131_669', 'H3', 'CALENDAR_1735123952_498'),
(2687, 'TICKET_1735135131_669', 'H4', 'CALENDAR_1735123952_498'),
(2688, 'TICKET_1735135131_669', 'H5', 'CALENDAR_1735123952_498'),
(2689, 'TICKET_1735135131_669', 'H7', 'CALENDAR_1735123952_498'),
(2690, 'TICKET_1735135189_860', 'A2', 'CALENDAR_1735124131_545'),
(2691, 'TICKET_1735135189_860', 'A6', 'CALENDAR_1735124131_545'),
(2692, 'TICKET_1735135189_860', 'A7', 'CALENDAR_1735124131_545'),
(2693, 'TICKET_1735135189_860', 'A8', 'CALENDAR_1735124131_545'),
(2694, 'TICKET_1735135189_860', 'B1', 'CALENDAR_1735124131_545'),
(2695, 'TICKET_1735135189_860', 'B2', 'CALENDAR_1735124131_545'),
(2696, 'TICKET_1735135189_860', 'B6', 'CALENDAR_1735124131_545'),
(2697, 'TICKET_1735135189_860', 'B9', 'CALENDAR_1735124131_545'),
(2698, 'TICKET_1735135189_860', 'C1', 'CALENDAR_1735124131_545'),
(2699, 'TICKET_1735135189_860', 'C6', 'CALENDAR_1735124131_545'),
(2700, 'TICKET_1735135189_860', 'C7', 'CALENDAR_1735124131_545'),
(2701, 'TICKET_1735135189_860', 'C8', 'CALENDAR_1735124131_545'),
(2702, 'TICKET_1735135189_860', 'D2', 'CALENDAR_1735124131_545'),
(2703, 'TICKET_1735135189_860', 'D5', 'CALENDAR_1735124131_545'),
(2704, 'TICKET_1735135189_860', 'D8', 'CALENDAR_1735124131_545'),
(2705, 'TICKET_1735135189_860', 'E1', 'CALENDAR_1735124131_545'),
(2706, 'TICKET_1735135189_860', 'E4', 'CALENDAR_1735124131_545'),
(2707, 'TICKET_1735135189_860', 'E7', 'CALENDAR_1735124131_545'),
(2708, 'TICKET_1735135189_860', 'F2', 'CALENDAR_1735124131_545'),
(2709, 'TICKET_1735135189_860', 'F4', 'CALENDAR_1735124131_545'),
(2710, 'TICKET_1735135189_860', 'F5', 'CALENDAR_1735124131_545'),
(2711, 'TICKET_1735135189_860', 'F7', 'CALENDAR_1735124131_545'),
(2712, 'TICKET_1735135189_860', 'G1', 'CALENDAR_1735124131_545'),
(2713, 'TICKET_1735135189_860', 'G4', 'CALENDAR_1735124131_545'),
(2714, 'TICKET_1735135189_860', 'G6', 'CALENDAR_1735124131_545'),
(2715, 'TICKET_1735135189_860', 'H2', 'CALENDAR_1735124131_545'),
(2716, 'TICKET_1735135189_860', 'H7', 'CALENDAR_1735124131_545'),
(2717, 'TICKET_1735135189_860', 'H8', 'CALENDAR_1735124131_545'),
(2718, 'TICKET_1735135189_860', 'H9', 'CALENDAR_1735124131_545'),
(2719, 'TICKET_1735136791_556', 'A10', 'CALENDAR_1735123651_414'),
(2720, 'TICKET_1735136791_556', 'A2', 'CALENDAR_1735123651_414'),
(2721, 'TICKET_1735136791_556', 'A3', 'CALENDAR_1735123651_414'),
(2722, 'TICKET_1735136791_556', 'A5', 'CALENDAR_1735123651_414'),
(2723, 'TICKET_1735136791_556', 'A6', 'CALENDAR_1735123651_414'),
(2724, 'TICKET_1735136791_556', 'A9', 'CALENDAR_1735123651_414'),
(2725, 'TICKET_1735136791_556', 'B1', 'CALENDAR_1735123651_414'),
(2726, 'TICKET_1735136791_556', 'B10', 'CALENDAR_1735123651_414'),
(2727, 'TICKET_1735136791_556', 'B3', 'CALENDAR_1735123651_414'),
(2728, 'TICKET_1735136791_556', 'B5', 'CALENDAR_1735123651_414'),
(2729, 'TICKET_1735136791_556', 'B6', 'CALENDAR_1735123651_414'),
(2730, 'TICKET_1735136791_556', 'B7', 'CALENDAR_1735123651_414'),
(2731, 'TICKET_1735136791_556', 'B8', 'CALENDAR_1735123651_414'),
(2732, 'TICKET_1735136791_556', 'B9', 'CALENDAR_1735123651_414'),
(2733, 'TICKET_1735136791_556', 'C1', 'CALENDAR_1735123651_414'),
(2734, 'TICKET_1735136791_556', 'C10', 'CALENDAR_1735123651_414'),
(2735, 'TICKET_1735136791_556', 'C2', 'CALENDAR_1735123651_414'),
(2736, 'TICKET_1735136791_556', 'C3', 'CALENDAR_1735123651_414'),
(2737, 'TICKET_1735136791_556', 'C4', 'CALENDAR_1735123651_414'),
(2738, 'TICKET_1735136791_556', 'C5', 'CALENDAR_1735123651_414'),
(2739, 'TICKET_1735136791_556', 'C6', 'CALENDAR_1735123651_414'),
(2740, 'TICKET_1735136791_556', 'C9', 'CALENDAR_1735123651_414'),
(2741, 'TICKET_1735136863_457', 'A10', 'CALENDAR_1735123530_389'),
(2742, 'TICKET_1735136863_457', 'A2', 'CALENDAR_1735123530_389'),
(2743, 'TICKET_1735136863_457', 'A4', 'CALENDAR_1735123530_389'),
(2744, 'TICKET_1735136863_457', 'A7', 'CALENDAR_1735123530_389'),
(2745, 'TICKET_1735136863_457', 'B10', 'CALENDAR_1735123530_389'),
(2746, 'TICKET_1735136863_457', 'B3', 'CALENDAR_1735123530_389'),
(2747, 'TICKET_1735136863_457', 'B6', 'CALENDAR_1735123530_389'),
(2748, 'TICKET_1735136863_457', 'B8', 'CALENDAR_1735123530_389'),
(2749, 'TICKET_1735136863_457', 'C3', 'CALENDAR_1735123530_389'),
(2750, 'TICKET_1735136863_457', 'C7', 'CALENDAR_1735123530_389'),
(2751, 'TICKET_1735136863_457', 'C9', 'CALENDAR_1735123530_389'),
(2752, 'TICKET_1735136863_457', 'D3', 'CALENDAR_1735123530_389'),
(2753, 'TICKET_1735136863_457', 'D5', 'CALENDAR_1735123530_389'),
(2754, 'TICKET_1735136863_457', 'D6', 'CALENDAR_1735123530_389'),
(2755, 'TICKET_1735136863_457', 'D8', 'CALENDAR_1735123530_389'),
(2756, 'TICKET_1735136863_457', 'E1', 'CALENDAR_1735123530_389'),
(2757, 'TICKET_1735136863_457', 'E10', 'CALENDAR_1735123530_389'),
(2758, 'TICKET_1735136863_457', 'E3', 'CALENDAR_1735123530_389'),
(2759, 'TICKET_1735136863_457', 'E7', 'CALENDAR_1735123530_389'),
(2760, 'TICKET_1735136863_457', 'E8', 'CALENDAR_1735123530_389'),
(2761, 'TICKET_1735136863_457', 'F10', 'CALENDAR_1735123530_389'),
(2762, 'TICKET_1735136863_457', 'F2', 'CALENDAR_1735123530_389'),
(2763, 'TICKET_1735136863_457', 'F4', 'CALENDAR_1735123530_389'),
(2764, 'TICKET_1735136863_457', 'F6', 'CALENDAR_1735123530_389'),
(2765, 'TICKET_1735136863_457', 'F7', 'CALENDAR_1735123530_389'),
(2766, 'TICKET_1735136863_457', 'G4', 'CALENDAR_1735123530_389'),
(2767, 'TICKET_1735136863_457', 'G5', 'CALENDAR_1735123530_389'),
(2768, 'TICKET_1735136863_457', 'G7', 'CALENDAR_1735123530_389'),
(2769, 'TICKET_1735136863_457', 'H10', 'CALENDAR_1735123530_389'),
(2770, 'TICKET_1735136863_457', 'H2', 'CALENDAR_1735123530_389'),
(2771, 'TICKET_1735136863_457', 'H3', 'CALENDAR_1735123530_389'),
(2772, 'TICKET_1735136863_457', 'H6', 'CALENDAR_1735123530_389'),
(2773, 'TICKET_1735136863_457', 'H7', 'CALENDAR_1735123530_389'),
(2774, 'TICKET_1735136863_457', 'H9', 'CALENDAR_1735123530_389'),
(2775, 'TICKET_1735137022_774', 'A3', 'CALENDAR_1735123664_075'),
(2776, 'TICKET_1735137022_774', 'A4', 'CALENDAR_1735123664_075'),
(2777, 'TICKET_1735137022_774', 'A7', 'CALENDAR_1735123664_075'),
(2778, 'TICKET_1735137022_774', 'B1', 'CALENDAR_1735123664_075'),
(2779, 'TICKET_1735137022_774', 'B8', 'CALENDAR_1735123664_075'),
(2780, 'TICKET_1735137022_774', 'B9', 'CALENDAR_1735123664_075'),
(2781, 'TICKET_1735137022_774', 'C10', 'CALENDAR_1735123664_075'),
(2782, 'TICKET_1735137022_774', 'C2', 'CALENDAR_1735123664_075'),
(2783, 'TICKET_1735137022_774', 'C4', 'CALENDAR_1735123664_075'),
(2784, 'TICKET_1735137022_774', 'C7', 'CALENDAR_1735123664_075'),
(2785, 'TICKET_1735137022_774', 'C8', 'CALENDAR_1735123664_075'),
(2786, 'TICKET_1735137022_774', 'D8', 'CALENDAR_1735123664_075'),
(2787, 'TICKET_1735137022_774', 'E2', 'CALENDAR_1735123664_075'),
(2788, 'TICKET_1735137022_774', 'E4', 'CALENDAR_1735123664_075'),
(2789, 'TICKET_1735137022_774', 'E5', 'CALENDAR_1735123664_075'),
(2790, 'TICKET_1735137022_774', 'E6', 'CALENDAR_1735123664_075'),
(2791, 'TICKET_1735137022_774', 'E9', 'CALENDAR_1735123664_075'),
(2792, 'TICKET_1735137022_774', 'F1', 'CALENDAR_1735123664_075'),
(2793, 'TICKET_1735137022_774', 'F2', 'CALENDAR_1735123664_075'),
(2794, 'TICKET_1735137022_774', 'F3', 'CALENDAR_1735123664_075'),
(2795, 'TICKET_1735137022_774', 'F8', 'CALENDAR_1735123664_075'),
(2796, 'TICKET_1735137022_774', 'G4', 'CALENDAR_1735123664_075'),
(2797, 'TICKET_1735137022_774', 'G6', 'CALENDAR_1735123664_075'),
(2798, 'TICKET_1735137022_774', 'G9', 'CALENDAR_1735123664_075'),
(2799, 'TICKET_1735137022_774', 'H2', 'CALENDAR_1735123664_075'),
(2800, 'TICKET_1735137022_774', 'H3', 'CALENDAR_1735123664_075'),
(2801, 'TICKET_1735137022_774', 'H5', 'CALENDAR_1735123664_075'),
(2802, 'TICKET_1735137022_774', 'H6', 'CALENDAR_1735123664_075'),
(2803, 'TICKET_1735137088_474', 'A10', 'CALENDAR_1735123309_820'),
(2804, 'TICKET_1735137088_474', 'A2', 'CALENDAR_1735123309_820'),
(2805, 'TICKET_1735137088_474', 'A4', 'CALENDAR_1735123309_820'),
(2806, 'TICKET_1735137088_474', 'A6', 'CALENDAR_1735123309_820'),
(2807, 'TICKET_1735137088_474', 'A9', 'CALENDAR_1735123309_820'),
(2808, 'TICKET_1735137088_474', 'B10', 'CALENDAR_1735123309_820'),
(2809, 'TICKET_1735137088_474', 'B2', 'CALENDAR_1735123309_820'),
(2810, 'TICKET_1735137088_474', 'B8', 'CALENDAR_1735123309_820'),
(2811, 'TICKET_1735137088_474', 'C3', 'CALENDAR_1735123309_820'),
(2812, 'TICKET_1735137088_474', 'C6', 'CALENDAR_1735123309_820'),
(2813, 'TICKET_1735137088_474', 'C9', 'CALENDAR_1735123309_820'),
(2814, 'TICKET_1735137088_474', 'D1', 'CALENDAR_1735123309_820'),
(2815, 'TICKET_1735137088_474', 'D10', 'CALENDAR_1735123309_820'),
(2816, 'TICKET_1735137088_474', 'D5', 'CALENDAR_1735123309_820'),
(2817, 'TICKET_1735137088_474', 'E2', 'CALENDAR_1735123309_820'),
(2818, 'TICKET_1735137088_474', 'E7', 'CALENDAR_1735123309_820'),
(2819, 'TICKET_1735137088_474', 'E8', 'CALENDAR_1735123309_820'),
(2820, 'TICKET_1735137088_474', 'E9', 'CALENDAR_1735123309_820'),
(2821, 'TICKET_1735137088_474', 'F5', 'CALENDAR_1735123309_820'),
(2822, 'TICKET_1735137088_474', 'F9', 'CALENDAR_1735123309_820'),
(2823, 'TICKET_1735137088_474', 'G3', 'CALENDAR_1735123309_820'),
(2824, 'TICKET_1735137088_474', 'G6', 'CALENDAR_1735123309_820'),
(2825, 'TICKET_1735137088_474', 'G7', 'CALENDAR_1735123309_820'),
(2826, 'TICKET_1735137088_474', 'G9', 'CALENDAR_1735123309_820'),
(2827, 'TICKET_1735137088_474', 'H1', 'CALENDAR_1735123309_820'),
(2828, 'TICKET_1735137088_474', 'H10', 'CALENDAR_1735123309_820'),
(2829, 'TICKET_1735137088_474', 'H4', 'CALENDAR_1735123309_820'),
(2830, 'TICKET_1735137088_474', 'H7', 'CALENDAR_1735123309_820'),
(2831, 'TICKET_1735137135_032', 'A10', 'CALENDAR_1735123872_794'),
(2832, 'TICKET_1735137135_032', 'A3', 'CALENDAR_1735123872_794'),
(2833, 'TICKET_1735137135_032', 'A5', 'CALENDAR_1735123872_794'),
(2834, 'TICKET_1735137135_032', 'A8', 'CALENDAR_1735123872_794'),
(2835, 'TICKET_1735137135_032', 'B1', 'CALENDAR_1735123872_794'),
(2836, 'TICKET_1735137135_032', 'B10', 'CALENDAR_1735123872_794'),
(2837, 'TICKET_1735137135_032', 'B2', 'CALENDAR_1735123872_794'),
(2838, 'TICKET_1735137135_032', 'B7', 'CALENDAR_1735123872_794'),
(2839, 'TICKET_1735137135_032', 'C2', 'CALENDAR_1735123872_794'),
(2840, 'TICKET_1735137135_032', 'C5', 'CALENDAR_1735123872_794'),
(2841, 'TICKET_1735137135_032', 'C7', 'CALENDAR_1735123872_794'),
(2842, 'TICKET_1735137135_032', 'C9', 'CALENDAR_1735123872_794'),
(2843, 'TICKET_1735137135_032', 'D10', 'CALENDAR_1735123872_794'),
(2844, 'TICKET_1735137135_032', 'D3', 'CALENDAR_1735123872_794'),
(2845, 'TICKET_1735137135_032', 'D6', 'CALENDAR_1735123872_794'),
(2846, 'TICKET_1735137135_032', 'E1', 'CALENDAR_1735123872_794'),
(2847, 'TICKET_1735137135_032', 'E2', 'CALENDAR_1735123872_794'),
(2848, 'TICKET_1735137135_032', 'E5', 'CALENDAR_1735123872_794'),
(2849, 'TICKET_1735137135_032', 'E7', 'CALENDAR_1735123872_794'),
(2850, 'TICKET_1735137135_032', 'E9', 'CALENDAR_1735123872_794'),
(2851, 'TICKET_1735137135_032', 'F3', 'CALENDAR_1735123872_794'),
(2852, 'TICKET_1735137135_032', 'F6', 'CALENDAR_1735123872_794'),
(2853, 'TICKET_1735137135_032', 'F8', 'CALENDAR_1735123872_794'),
(2854, 'TICKET_1735137135_032', 'G10', 'CALENDAR_1735123872_794'),
(2855, 'TICKET_1735137135_032', 'G2', 'CALENDAR_1735123872_794'),
(2856, 'TICKET_1735137135_032', 'G7', 'CALENDAR_1735123872_794'),
(2857, 'TICKET_1735137135_032', 'H4', 'CALENDAR_1735123872_794'),
(2858, 'TICKET_1735137135_032', 'H6', 'CALENDAR_1735123872_794'),
(2859, 'TICKET_1735137135_032', 'H9', 'CALENDAR_1735123872_794'),
(2860, 'TICKET_1735137208_509', 'A3', 'CALENDAR_1735123502_004'),
(2861, 'TICKET_1735137208_509', 'A7', 'CALENDAR_1735123502_004'),
(2862, 'TICKET_1735137208_509', 'B10', 'CALENDAR_1735123502_004'),
(2863, 'TICKET_1735137208_509', 'B2', 'CALENDAR_1735123502_004'),
(2864, 'TICKET_1735137208_509', 'B6', 'CALENDAR_1735123502_004'),
(2865, 'TICKET_1735137208_509', 'B8', 'CALENDAR_1735123502_004'),
(2866, 'TICKET_1735137208_509', 'C10', 'CALENDAR_1735123502_004'),
(2867, 'TICKET_1735137208_509', 'C2', 'CALENDAR_1735123502_004'),
(2868, 'TICKET_1735137208_509', 'C3', 'CALENDAR_1735123502_004'),
(2869, 'TICKET_1735137208_509', 'C5', 'CALENDAR_1735123502_004'),
(2870, 'TICKET_1735137208_509', 'D5', 'CALENDAR_1735123502_004'),
(2871, 'TICKET_1735137208_509', 'D9', 'CALENDAR_1735123502_004'),
(2872, 'TICKET_1735137208_509', 'E10', 'CALENDAR_1735123502_004'),
(2873, 'TICKET_1735137208_509', 'E2', 'CALENDAR_1735123502_004'),
(2874, 'TICKET_1735137208_509', 'E3', 'CALENDAR_1735123502_004'),
(2875, 'TICKET_1735137208_509', 'E7', 'CALENDAR_1735123502_004'),
(2876, 'TICKET_1735137208_509', 'F10', 'CALENDAR_1735123502_004'),
(2877, 'TICKET_1735137208_509', 'F2', 'CALENDAR_1735123502_004'),
(2878, 'TICKET_1735137208_509', 'F6', 'CALENDAR_1735123502_004'),
(2879, 'TICKET_1735137208_509', 'F8', 'CALENDAR_1735123502_004'),
(2880, 'TICKET_1735137208_509', 'G1', 'CALENDAR_1735123502_004'),
(2881, 'TICKET_1735137208_509', 'G4', 'CALENDAR_1735123502_004'),
(2882, 'TICKET_1735137208_509', 'G5', 'CALENDAR_1735123502_004'),
(2883, 'TICKET_1735137208_509', 'G7', 'CALENDAR_1735123502_004'),
(2884, 'TICKET_1735137208_509', 'G9', 'CALENDAR_1735123502_004'),
(2885, 'TICKET_1735137208_509', 'H2', 'CALENDAR_1735123502_004'),
(2886, 'TICKET_1735137208_509', 'H5', 'CALENDAR_1735123502_004'),
(2887, 'TICKET_1735137208_509', 'H7', 'CALENDAR_1735123502_004'),
(2888, 'TICKET_1735137268_575', 'A2', 'CALENDAR_1735123293_019'),
(2889, 'TICKET_1735137268_575', 'A5', 'CALENDAR_1735123293_019'),
(2890, 'TICKET_1735137268_575', 'A7', 'CALENDAR_1735123293_019'),
(2891, 'TICKET_1735137268_575', 'A8', 'CALENDAR_1735123293_019'),
(2892, 'TICKET_1735137268_575', 'A9', 'CALENDAR_1735123293_019'),
(2893, 'TICKET_1735137268_575', 'B10', 'CALENDAR_1735123293_019'),
(2894, 'TICKET_1735137268_575', 'B3', 'CALENDAR_1735123293_019'),
(2895, 'TICKET_1735137268_575', 'B5', 'CALENDAR_1735123293_019'),
(2896, 'TICKET_1735137268_575', 'C1', 'CALENDAR_1735123293_019'),
(2897, 'TICKET_1735137268_575', 'C7', 'CALENDAR_1735123293_019'),
(2898, 'TICKET_1735137268_575', 'D10', 'CALENDAR_1735123293_019'),
(2899, 'TICKET_1735137268_575', 'D2', 'CALENDAR_1735123293_019'),
(2900, 'TICKET_1735137268_575', 'D4', 'CALENDAR_1735123293_019'),
(2901, 'TICKET_1735137268_575', 'D6', 'CALENDAR_1735123293_019'),
(2902, 'TICKET_1735137268_575', 'D8', 'CALENDAR_1735123293_019'),
(2903, 'TICKET_1735137268_575', 'D9', 'CALENDAR_1735123293_019'),
(2904, 'TICKET_1735137268_575', 'E1', 'CALENDAR_1735123293_019'),
(2905, 'TICKET_1735137268_575', 'F10', 'CALENDAR_1735123293_019'),
(2906, 'TICKET_1735137268_575', 'F2', 'CALENDAR_1735123293_019'),
(2907, 'TICKET_1735137268_575', 'F4', 'CALENDAR_1735123293_019'),
(2908, 'TICKET_1735137268_575', 'F6', 'CALENDAR_1735123293_019'),
(2909, 'TICKET_1735137268_575', 'F8', 'CALENDAR_1735123293_019'),
(2910, 'TICKET_1735137268_575', 'G2', 'CALENDAR_1735123293_019'),
(2911, 'TICKET_1735137268_575', 'G5', 'CALENDAR_1735123293_019'),
(2912, 'TICKET_1735137268_575', 'H1', 'CALENDAR_1735123293_019'),
(2913, 'TICKET_1735137268_575', 'H4', 'CALENDAR_1735123293_019'),
(2914, 'TICKET_1735137268_575', 'H5', 'CALENDAR_1735123293_019'),
(2915, 'TICKET_1735137268_575', 'H8', 'CALENDAR_1735123293_019'),
(2916, 'TICKET_1735137268_575', 'H9', 'CALENDAR_1735123293_019'),
(2917, 'TICKET_1735137314_879', 'A1', 'CALENDAR_1735123560_870'),
(2918, 'TICKET_1735137314_879', 'A6', 'CALENDAR_1735123560_870'),
(2919, 'TICKET_1735137314_879', 'A8', 'CALENDAR_1735123560_870'),
(2920, 'TICKET_1735137314_879', 'A9', 'CALENDAR_1735123560_870'),
(2921, 'TICKET_1735137314_879', 'B2', 'CALENDAR_1735123560_870'),
(2922, 'TICKET_1735137314_879', 'B3', 'CALENDAR_1735123560_870'),
(2923, 'TICKET_1735137314_879', 'B4', 'CALENDAR_1735123560_870'),
(2924, 'TICKET_1735137314_879', 'B8', 'CALENDAR_1735123560_870'),
(2925, 'TICKET_1735137314_879', 'C10', 'CALENDAR_1735123560_870'),
(2926, 'TICKET_1735137314_879', 'C6', 'CALENDAR_1735123560_870'),
(2927, 'TICKET_1735137314_879', 'C8', 'CALENDAR_1735123560_870'),
(2928, 'TICKET_1735137314_879', 'D10', 'CALENDAR_1735123560_870'),
(2929, 'TICKET_1735137314_879', 'D2', 'CALENDAR_1735123560_870'),
(2930, 'TICKET_1735137314_879', 'D3', 'CALENDAR_1735123560_870'),
(2931, 'TICKET_1735137314_879', 'D6', 'CALENDAR_1735123560_870'),
(2932, 'TICKET_1735137314_879', 'E10', 'CALENDAR_1735123560_870'),
(2933, 'TICKET_1735137314_879', 'E7', 'CALENDAR_1735123560_870'),
(2934, 'TICKET_1735137314_879', 'E8', 'CALENDAR_1735123560_870'),
(2935, 'TICKET_1735137314_879', 'F2', 'CALENDAR_1735123560_870'),
(2936, 'TICKET_1735137314_879', 'F3', 'CALENDAR_1735123560_870'),
(2937, 'TICKET_1735137314_879', 'F4', 'CALENDAR_1735123560_870'),
(2938, 'TICKET_1735137314_879', 'F6', 'CALENDAR_1735123560_870'),
(2939, 'TICKET_1735137314_879', 'G1', 'CALENDAR_1735123560_870'),
(2940, 'TICKET_1735137314_879', 'G10', 'CALENDAR_1735123560_870'),
(2941, 'TICKET_1735137314_879', 'G6', 'CALENDAR_1735123560_870'),
(2942, 'TICKET_1735137314_879', 'H2', 'CALENDAR_1735123560_870'),
(2943, 'TICKET_1735137314_879', 'H3', 'CALENDAR_1735123560_870'),
(2944, 'TICKET_1735137314_879', 'H8', 'CALENDAR_1735123560_870'),
(2945, 'TICKET_1735137425_243', 'A10', 'CALENDAR_1735123773_437'),
(2946, 'TICKET_1735137425_243', 'A2', 'CALENDAR_1735123773_437'),
(2947, 'TICKET_1735137425_243', 'A4', 'CALENDAR_1735123773_437'),
(2948, 'TICKET_1735137425_243', 'A7', 'CALENDAR_1735123773_437'),
(2949, 'TICKET_1735137425_243', 'A8', 'CALENDAR_1735123773_437'),
(2950, 'TICKET_1735137425_243', 'B7', 'CALENDAR_1735123773_437'),
(2951, 'TICKET_1735137425_243', 'B9', 'CALENDAR_1735123773_437'),
(2952, 'TICKET_1735137425_243', 'C1', 'CALENDAR_1735123773_437'),
(2953, 'TICKET_1735137425_243', 'C2', 'CALENDAR_1735123773_437'),
(2954, 'TICKET_1735137425_243', 'C4', 'CALENDAR_1735123773_437'),
(2955, 'TICKET_1735137425_243', 'C6', 'CALENDAR_1735123773_437'),
(2956, 'TICKET_1735137425_243', 'C9', 'CALENDAR_1735123773_437'),
(2957, 'TICKET_1735137425_243', 'D1', 'CALENDAR_1735123773_437'),
(2958, 'TICKET_1735137425_243', 'D3', 'CALENDAR_1735123773_437'),
(2959, 'TICKET_1735137425_243', 'D7', 'CALENDAR_1735123773_437'),
(2960, 'TICKET_1735137425_243', 'E2', 'CALENDAR_1735123773_437'),
(2961, 'TICKET_1735137425_243', 'E5', 'CALENDAR_1735123773_437'),
(2962, 'TICKET_1735137425_243', 'E8', 'CALENDAR_1735123773_437'),
(2963, 'TICKET_1735137425_243', 'E9', 'CALENDAR_1735123773_437'),
(2964, 'TICKET_1735137425_243', 'F1', 'CALENDAR_1735123773_437'),
(2965, 'TICKET_1735137425_243', 'F3', 'CALENDAR_1735123773_437'),
(2966, 'TICKET_1735137425_243', 'G2', 'CALENDAR_1735123773_437'),
(2967, 'TICKET_1735137425_243', 'G6', 'CALENDAR_1735123773_437'),
(2968, 'TICKET_1735137425_243', 'G8', 'CALENDAR_1735123773_437'),
(2969, 'TICKET_1735137425_243', 'H3', 'CALENDAR_1735123773_437'),
(2970, 'TICKET_1735137425_243', 'H6', 'CALENDAR_1735123773_437'),
(2971, 'TICKET_1735137425_243', 'H9', 'CALENDAR_1735123773_437');

-- --------------------------------------------------------

--
-- Cấu trúc bảng cho bảng `staff`
--

CREATE TABLE `staff` (
  `idnv` varchar(25) NOT NULL,
  `name` varchar(40) NOT NULL,
  `sdt` varchar(10) DEFAULT NULL,
  `email` varchar(50) NOT NULL,
  `sex` int(11) NOT NULL,
  `rank` enum('admin','staff') NOT NULL DEFAULT 'staff',
  `blockAt` bigint(20) DEFAULT NULL,
  `password` varchar(255) NOT NULL
) ENGINE=InnoDB DEFAULT CHARSET=utf8mb4 COLLATE=utf8mb4_general_ci;

--
-- Đang đổ dữ liệu cho bảng `staff`
--

INSERT INTO `staff` (`idnv`, `name`, `sdt`, `email`, `sex`, `rank`, `blockAt`, `password`) VALUES
('123admin', 'admin1', '0815565487', 'quan@gmail.com', 1, 'admin', NULL, 'xAqQiyJAjBg6vDs4EZ3Nb8QxcpJC/Sg1PLuFmoCIPkTehXlydt+haJgdkrZ2hxgM'),
('STAFF_1717668565_587', 'tùng', '0333757429', 'tung@gmail.com', 1, 'staff', NULL, 'smTCydRueyO35cN5+cBMgHRAaIwi3EmsjHqy3NEmM5b6qZ5pPNu8wJRKm7OkLkI4'),
('STAFF_1734270560_525', 'quốc', '0985753114', 'quoc@gmail.com', 1, 'staff', NULL, 'lUWr+AsERXQ7KDlXD44KCiRXuvrCsr0AiJSNYk8Z5XcSyoO/G8C3drWOesZRD313'),
('STAFF_1734270602_910', 'duy', '0325768123', 'duy@gmail.com', 1, 'staff', NULL, 'SWa28zFeKY9hpJTtR1tMc5CfYa6HSi8upsVVq7zd1WVG7Ok5ypRwEcG417FJ9rWg');

-- --------------------------------------------------------

--
-- Cấu trúc bảng cho bảng `ticket`
--

CREATE TABLE `ticket` (
  `id` varchar(25) NOT NULL,
  `idCalendar` varchar(25) NOT NULL,
  `name` varchar(40) NOT NULL,
  `numPerson` int(11) NOT NULL,
  `numPopcorn` int(11) NOT NULL,
  `numWater` int(11) NOT NULL,
  `priceTicket` int(11) NOT NULL,
  `pricePopcorn` int(11) NOT NULL,
  `priceWater` int(11) NOT NULL,
  `email` varchar(50) NOT NULL,
  `createBy` varchar(25) NOT NULL,
  `createAt` bigint(20) NOT NULL,
  `checkinAt` bigint(20) DEFAULT NULL,
  `checkinBy` varchar(25) DEFAULT NULL
) ENGINE=InnoDB DEFAULT CHARSET=utf8mb4 COLLATE=utf8mb4_general_ci;

--
-- Đang đổ dữ liệu cho bảng `ticket`
--

INSERT INTO `ticket` (`id`, `idCalendar`, `name`, `numPerson`, `numPopcorn`, `numWater`, `priceTicket`, `pricePopcorn`, `priceWater`, `email`, `createBy`, `createAt`, `checkinAt`, `checkinBy`) VALUES
('TICKET_1734443342_907', 'CALENDAR_1734023459_948', 'Nguyễn Huy', 2, 1, 1, 288000, 30000, 35000, 'Robber@gmail.com', 'STAFF_1717668565_587', 1734443346, NULL, NULL),
('TICKET_1734443778_007', 'CALENDAR_1734023459_948', 'Sang Trần', 1, 2, 2, 138000, 60000, 70000, 'aduangSAng@gmail.com', 'STAFF_1717668565_587', 1734443780, NULL, NULL),
('TICKET_1734443969_529', 'CALENDAR_1734023459_948', 'Ngắn', 1, 1, 1, 138000, 30000, 35000, 'ngan@gmail.com', 'STAFF_1717668565_587', 1734443971, NULL, NULL),
('TICKET_1734444015_126', 'CALENDAR_1734023459_948', 'Homelander', 2, 0, 0, 282000, 0, 0, 'theboy@gmail.com', 'STAFF_1717668565_587', 1734444017, NULL, NULL),
('TICKET_1734444050_943', 'CALENDAR_1734023459_948', 'Butcher', 2, 0, 1, 282000, 0, 35000, 'butcherhandsome@gmail.com', 'STAFF_1717668565_587', 1734444053, NULL, NULL),
('TICKET_1734444671_793', 'CALENDAR_1734023459_948', 'Nguyễn Văn An ', 2, 1, 0, 282000, 30000, 0, 'nguyenvanan@email.com  ', 'STAFF_1717668565_587', 1734444673, NULL, NULL),
('TICKET_1734444716_168', 'CALENDAR_1734023459_948', 'Trần Thị Bích ', 2, 1, 1, 282000, 30000, 35000, 'tranthibich@email.com  ', 'STAFF_1717668565_587', 1734444719, NULL, NULL),
('TICKET_1734444739_933', 'CALENDAR_1734023459_948', 'Phạm Minh Hoàng ', 2, 1, 0, 282000, 30000, 0, 'phamminhhoang@email.com  ', 'STAFF_1717668565_587', 1734444740, NULL, NULL),
('TICKET_1734444792_065', 'CALENDAR_1734023459_948', 'Lê Thị Hằng ', 2, 1, 2, 252000, 30000, 70000, 'lethihang@email.com  ', 'STAFF_1717668565_587', 1734444794, NULL, NULL),
('TICKET_1734444819_955', 'CALENDAR_1734023459_948', 'Đặng Quốc Anh ', 2, 1, 1, 258000, 30000, 35000, 'dangquocanh@email.com  ', 'STAFF_1717668565_587', 1734444821, NULL, NULL),
('TICKET_1734444854_663', 'CALENDAR_1734023459_948', 'Hoàng Thị Lan', 2, 1, 2, 264000, 30000, 70000, 'hoangthilan@email.com  ', 'STAFF_1717668565_587', 1734444860, NULL, NULL),
('TICKET_1734444891_750', 'CALENDAR_1734023459_948', 'Bùi Văn Đức ', 10, 5, 5, 1200000, 150000, 175000, 'buivanduc@email.com  ', 'STAFF_1717668565_587', 1734444893, NULL, NULL),
('TICKET_1734444924_164', 'CALENDAR_1734023459_948', 'Võ Thị Mai ', 3, 3, 3, 378000, 90000, 105000, 'vothimai@email.com  ', 'STAFF_1717668565_587', 1734444926, NULL, NULL),
('TICKET_1734444950_642', 'CALENDAR_1734023459_948', 'Dương Thành Đạt ', 4, 4, 4, 504000, 120000, 140000, 'duongthanhdat@email.com  ', 'STAFF_1717668565_587', 1734444952, NULL, NULL),
('TICKET_1734445060_838', 'CALENDAR_1734023459_948', 'Ngô Thị Hương ', 3, 3, 3, 396000, 90000, 105000, 'ngothihuong@email.com  ', 'STAFF_1717668565_587', 1734445062, NULL, NULL),
('TICKET_1734446065_631', 'CALENDAR_1734023476_208', 'Trịnh Công Minh ', 2, 2, 2, 276000, 60000, 70000, 'trinhcongminh@email.com  ', 'STAFF_1734270560_525', 1734446067, NULL, NULL),
('TICKET_1734446096_770', 'CALENDAR_1734023476_208', 'Lý Thị Kim ', 2, 2, 2, 300000, 60000, 70000, 'lythikim@email.com  ', 'STAFF_1734270560_525', 1734446099, NULL, NULL),
('TICKET_1734446119_406', 'CALENDAR_1734023476_208', 'Tạ Văn Phong ', 2, 2, 2, 240000, 60000, 70000, 'tavanhong@email.com  ', 'STAFF_1734270560_525', 1734446121, NULL, NULL),
('TICKET_1734446975_154', 'CALENDAR_1734023476_208', 'Cao Thị Dung ', 2, 2, 2, 270000, 60000, 70000, 'caothidung@email.com  ', 'STAFF_1734270560_525', 1734446977, NULL, NULL),
('TICKET_1734447011_666', 'CALENDAR_1734023476_208', 'Phan Văn Cường', 2, 2, 2, 270000, 60000, 70000, ' phanvancuong@email.com ', 'STAFF_1734270560_525', 1734447012, NULL, NULL),
('TICKET_1734447039_907', 'CALENDAR_1734023476_208', 'Đỗ Thị Thảo ', 2, 0, 0, 288000, 0, 0, 'dothithao@email.com  ', 'STAFF_1734270560_525', 1734447041, NULL, NULL),
('TICKET_1734447073_168', 'CALENDAR_1734023476_208', 'Lương Minh Hiếu ', 4, 4, 4, 516000, 120000, 140000, 'luongminhhieu@email.com  ', 'STAFF_1734270560_525', 1734447075, NULL, NULL),
('TICKET_1734447115_080', 'CALENDAR_1734023476_208', 'Trần Thị Huyền ', 2, 2, 2, 288000, 60000, 70000, 'tranthihuyen@email.com  ', 'STAFF_1734270560_525', 1734447116, NULL, NULL),
('TICKET_1734447139_881', 'CALENDAR_1734023476_208', 'Đinh Văn Phúc ', 2, 0, 0, 312000, 0, 0, 'dinhvanphuc@email.com  ', 'STAFF_1734270560_525', 1734447140, NULL, NULL),
('TICKET_1734447172_825', 'CALENDAR_1734023476_208', 'Nguyễn Thị Thu ', 2, 1, 1, 282000, 30000, 35000, 'nguyenthithu@email.com  ', 'STAFF_1734270560_525', 1734447174, NULL, NULL),
('TICKET_1734447240_583', 'CALENDAR_1734023519_821', 'Trần Quốc Bảo ', 2, 1, 2, 143000, 30000, 70000, 'tranquocbao@email.com  ', 'STAFF_1734270560_525', 1734447242, NULL, NULL),
('TICKET_1734447285_281', 'CALENDAR_1734023519_821', 'Lê Hoàng Nam ', 2, 0, 0, 143000, 0, 0, 'lehoangnam@email.com  ', 'STAFF_1734270560_525', 1734447286, NULL, NULL),
('TICKET_1734447308_199', 'CALENDAR_1734023519_821', 'Phạm Thị Ngọc ', 2, 2, 2, 156000, 60000, 70000, 'phamthingoc@email.com  ', 'STAFF_1734270560_525', 1734447310, NULL, NULL),
('TICKET_1734447342_659', 'CALENDAR_1734023519_821', 'Võ Văn Thành ', 4, 4, 2, 299000, 120000, 70000, 'vovanthanh@email.com  ', 'STAFF_1734270560_525', 1734447346, NULL, NULL),
('TICKET_1734447377_759', 'CALENDAR_1734023519_821', 'Hoàng Minh Tâm ', 2, 0, 0, 156000, 0, 0, 'hoangminhtam@email.com  ', 'STAFF_1734270560_525', 1734447378, NULL, NULL),
('TICKET_1734447440_626', 'CALENDAR_1734023519_821', 'Lý Huy Hoàng ', 18, 5, 10, 1345500, 150000, 350000, 'lyhuyhoang@email.com  ', 'STAFF_1734270560_525', 1734447444, NULL, NULL),
('TICKET_1734447510_539', 'CALENDAR_1734023519_821', 'Tô Thị Trang ', 2, 1, 1, 175500, 30000, 35000, 'tothitrang@email.com  ', 'STAFF_1734270560_525', 1734447511, NULL, NULL),
('TICKET_1734447547_964', 'CALENDAR_1734023519_821', 'Đào Văn Lâm ', 2, 2, 2, 175500, 60000, 70000, 'daovanlam@email.com  ', 'STAFF_1734270560_525', 1734447551, NULL, NULL),
('TICKET_1734447603_536', 'CALENDAR_1734023519_821', 'Ninh Thị Hậu ', 2, 2, 2, 169000, 60000, 70000, 'ninhthihau@email.com  ', 'STAFF_1734270560_525', 1734447605, NULL, NULL),
('TICKET_1734447637_628', 'CALENDAR_1734023519_821', 'Vũ Hoàng Anh ', 2, 1, 1, 130000, 30000, 35000, 'vuhoanganh@email.com  ', 'STAFF_1734270560_525', 1734447638, NULL, NULL),
('TICKET_1734447687_124', 'CALENDAR_1734024913_542', 'Trương Thị Yến', 2, 1, 1, 103500, 30000, 35000, 'truongthiyen@email.com  ', 'STAFF_1734270560_525', 1734447688, NULL, NULL),
('TICKET_1734447804_684', 'CALENDAR_1734024913_542', 'Nguyễn Minh Quân', 2, 1, 2, 108000, 30000, 70000, 'nguyenminhquan@email.com  ', 'STAFF_1734270560_525', 1734447806, NULL, NULL),
('TICKET_1734447836_937', 'CALENDAR_1734024913_542', 'Lê Thị Tuyết', 2, 2, 2, 99000, 60000, 70000, 'lethituyet@email.com  ', 'STAFF_1734270560_525', 1734447841, NULL, NULL),
('TICKET_1734447869_614', 'CALENDAR_1734024913_542', 'Phan Thành Công ', 4, 4, 4, 198000, 120000, 140000, 'phanthanhcong@email.com  ', 'STAFF_1734270560_525', 1734447871, NULL, NULL),
('TICKET_1734447903_065', 'CALENDAR_1734024913_542', 'Đặng Thị Hà ', 2, 2, 2, 103500, 60000, 70000, 'dangthiha@email.com  ', 'STAFF_1734270560_525', 1734447904, NULL, NULL),
('TICKET_1734447934_392', 'CALENDAR_1734024913_542', 'Lưu Minh Châu ', 6, 4, 4, 319500, 120000, 140000, 'luuminhchau@email.com  ', 'STAFF_1734270560_525', 1734447935, NULL, NULL),
('TICKET_1734447971_118', 'CALENDAR_1734024913_542', 'Hà Thị Thanh ', 16, 10, 10, 897750, 300000, 350000, 'hathithanh@email.com  ', 'STAFF_1734270560_525', 1734447972, NULL, NULL),
('TICKET_1734448000_010', 'CALENDAR_1734023958_517', 'Mai Văn Duy ', 2, 2, 1, 143000, 60000, 35000, 'maivanduy@email.com  ', 'STAFF_1734270560_525', 1734448001, NULL, NULL),
('TICKET_1734448034_613', 'CALENDAR_1734023958_517', 'Bùi Thị Hạnh ', 2, 2, 2, 143000, 60000, 70000, 'buithihanh@email.com  ', 'STAFF_1734270560_525', 1734448036, NULL, NULL),
('TICKET_1734448074_048', 'CALENDAR_1734023958_517', 'Tống Văn Lợi ', 6, 2, 2, 481000, 60000, 70000, 'tongvanloi@email.com  ', 'STAFF_1734270560_525', 1734448077, NULL, NULL),
('TICKET_1734448114_823', 'CALENDAR_1734023943_965', 'Phạm Thị Ly ', 2, 2, 2, 276000, 60000, 70000, 'phamthily@email.com  ', 'STAFF_1734270560_525', 1734448115, NULL, NULL),
('TICKET_1734448134_479', 'CALENDAR_1734023943_965', 'Hồ Thành Đạt ', 2, 2, 1, 264000, 60000, 35000, 'hothanhdat@email.com  ', 'STAFF_1734270560_525', 1734448136, NULL, NULL),
('TICKET_1734448161_718', 'CALENDAR_1734023943_965', 'Võ Thị Tâm ', 2, 2, 2, 252000, 60000, 70000, 'vothitam@email.com  ', 'STAFF_1734270560_525', 1734448163, NULL, NULL),
('TICKET_1734448196_505', 'CALENDAR_1734023943_965', 'Nguyễn Hoài Nam ', 8, 5, 5, 1152000, 150000, 175000, 'nguyenhoainam@email.com  ', 'STAFF_1734270560_525', 1734448202, NULL, NULL),
('TICKET_1734448221_463', 'CALENDAR_1734023943_965', 'Trịnh Minh Anh ', 2, 2, 1, 312000, 60000, 35000, 'trinhminhanh@email.com  ', 'STAFF_1734270560_525', 1734448223, NULL, NULL),
('TICKET_1734448279_294', 'CALENDAR_1734020777_172', 'Lý Thị Nga ', 2, 1, 2, 100000, 30000, 70000, 'lythinga@email.com  ', 'STAFF_1734270560_525', 1734448281, NULL, NULL),
('TICKET_1734448311_431', 'CALENDAR_1734020777_172', 'Phan Quốc Trung ', 2, 2, 2, 115000, 60000, 70000, 'phanquoctrung@email.com', 'STAFF_1734270560_525', 1734448320, NULL, NULL),
('TICKET_1734448380_586', 'CALENDAR_1734020777_172', 'Đỗ Thị Hằng ', 7, 5, 3, 447500, 150000, 105000, 'dothihang@email.com  ', 'STAFF_1734270560_525', 1734448381, NULL, NULL),
('TICKET_1734448401_404', 'CALENDAR_1734020777_172', 'Đinh Quốc Vinh ', 2, 2, 2, 115000, 60000, 70000, 'dinhquocvinh@email.com  ', 'STAFF_1734270560_525', 1734448403, NULL, NULL),
('TICKET_1734448419_331', 'CALENDAR_1734020777_172', 'Lương Thị Huyền ', 2, 1, 2, 125000, 30000, 70000, 'luongthihuyen@email.com  ', 'STAFF_1734270560_525', 1734448421, NULL, NULL),
('TICKET_1734448718_785', 'CALENDAR_1734020868_613', 'Phạm Văn Bình ', 2, 1, 2, 103500, 30000, 70000, 'phamvanbinh@email.com  ', 'STAFF_1734270602_910', 1734448721, NULL, NULL),
('TICKET_1734448742_437', 'CALENDAR_1734020868_613', 'Lê Thị Minh ', 2, 1, 2, 99000, 30000, 70000, 'lethiminh@email.com  ', 'STAFF_1734270602_910', 1734448743, NULL, NULL),
('TICKET_1734448780_565', 'CALENDAR_1734020868_613', 'Nguyễn Thành Tín ', 4, 2, 2, 216000, 60000, 70000, 'nguyenthanhtin@email.com  ', 'STAFF_1734270602_910', 1734448782, NULL, NULL),
('TICKET_1734448809_660', 'CALENDAR_1734020868_613', 'Dương Thị Hiền ', 4, 2, 4, 189000, 60000, 140000, 'duongthihien@email.com  ', 'STAFF_1734270602_910', 1734448811, NULL, NULL),
('TICKET_1734448836_644', 'CALENDAR_1734020868_613', 'Võ Minh Long', 2, 2, 2, 112500, 60000, 70000, 'vominhlong@email.com  ', 'STAFF_1734270602_910', 1734448837, NULL, NULL),
('TICKET_1734448915_807', 'CALENDAR_1734020845_985', 'Bùi Thị Nhung ', 4, 2, 2, 460000, 60000, 70000, 'buithinhung@email.com  ', 'STAFF_1734270602_910', 1734448917, NULL, NULL),
('TICKET_1734448956_103', 'CALENDAR_1734020845_985', 'Trần Hoàng Nam ', 4, 3, 2, 460000, 90000, 70000, 'tranhoangnam@email.com  ', 'STAFF_1734270602_910', 1734448957, NULL, NULL),
('TICKET_1734448990_708', 'CALENDAR_1734020845_985', 'Nguyễn Thị Vân ', 4, 2, 4, 500000, 60000, 140000, 'nguyenthivan@email.com  ', 'STAFF_1734270602_910', 1734448992, NULL, NULL),
('TICKET_1734449027_459', 'CALENDAR_1734020845_985', 'Lý Văn Sơn ', 4, 2, 2, 480000, 60000, 70000, 'lyvanson@email.com  ', 'STAFF_1734270602_910', 1734449030, NULL, NULL),
('TICKET_1734449054_523', 'CALENDAR_1734020845_985', 'Phan Thị Hậu', 4, 2, 2, 420000, 60000, 70000, 'phanthihau@email.com  ', 'STAFF_1734270602_910', 1734449055, NULL, NULL),
('TICKET_1734449119_462', 'CALENDAR_1734021159_214', 'Đặng Minh Hoàng ', 4, 4, 4, 552000, 120000, 140000, 'dangminhhoang@email.com  ', 'STAFF_1734270602_910', 1734449120, NULL, NULL),
('TICKET_1734449142_505', 'CALENDAR_1734021159_214', 'Hoàng Thị Mai ', 2, 2, 1, 264000, 60000, 35000, 'hoangthimai@email.com  ', 'STAFF_1734270602_910', 1734449143, NULL, NULL),
('TICKET_1734449164_341', 'CALENDAR_1734021159_214', 'Trần Văn Hiếu ', 2, 1, 2, 264000, 30000, 70000, 'tranvanhieu@email.com  ', 'STAFF_1734270602_910', 1734449166, NULL, NULL),
('TICKET_1734449197_844', 'CALENDAR_1734021159_214', 'Lê Thị Hồng ', 4, 3, 2, 612000, 90000, 70000, 'lethihong@email.com  ', 'STAFF_1734270602_910', 1734449199, NULL, NULL),
('TICKET_1734449255_860', 'CALENDAR_1734021159_214', 'Ngô Văn Hưng ', 4, 1, 1, 600000, 30000, 35000, 'ngovanhung@email.com  ', 'STAFF_1734270602_910', 1734449256, NULL, NULL),
('TICKET_1734449311_861', 'CALENDAR_1734021338_857', 'Phạm Thị Phương ', 4, 2, 2, 606000, 60000, 70000, 'phamthiphuong@email.com  ', 'STAFF_1734270602_910', 1734449312, NULL, NULL),
('TICKET_1734449342_066', 'CALENDAR_1734021338_857', 'Trịnh Minh Tân ', 2, 1, 1, 276000, 30000, 35000, 'trinhminhtan@email.com  ', 'STAFF_1734270602_910', 1734449343, NULL, NULL),
('TICKET_1734449385_828', 'CALENDAR_1734021338_857', 'Lý Quốc Bảo ', 2, 2, 2, 288000, 60000, 70000, 'lyquocbao@email.com  ', 'STAFF_1734270602_910', 1734449386, NULL, NULL),
('TICKET_1734449407_155', 'CALENDAR_1734021338_857', 'Tô Văn Phát ', 4, 1, 0, 492000, 30000, 0, 'tovanphat@email.com  ', 'STAFF_1734270602_910', 1734449408, NULL, NULL),
('TICKET_1734449466_544', 'CALENDAR_1734021338_857', 'Nguyễn Thị Loan ', 6, 3, 3, 774000, 90000, 105000, 'nguyenthiloan@email.com  ', 'STAFF_1734270602_910', 1734449467, NULL, NULL),
('TICKET_1734449566_549', 'CALENDAR_1734023268_048', 'Võ Thành Nam ', 6, 3, 4, 846000, 90000, 140000, 'vothanhnam@email.com  ', 'STAFF_1734270602_910', 1734449568, NULL, NULL),
('TICKET_1734449612_583', 'CALENDAR_1734023268_048', ' Cao Minh Trí ', 16, 6, 4, 2244000, 180000, 140000, 'caominhtri@email.com  ', 'STAFF_1734270602_910', 1734449613, NULL, NULL),
('TICKET_1734449639_635', 'CALENDAR_1734023268_048', 'Phạm Văn Tiến ', 6, 2, 0, 876000, 60000, 0, 'phamvantien@email.com  ', 'STAFF_1734270602_910', 1734449640, NULL, NULL),
('TICKET_1734449667_491', 'CALENDAR_1734023268_048', 'Lê Thị Giang ', 2, 2, 2, 252000, 60000, 70000, 'lethigiang@email.com  ', 'STAFF_1734270602_910', 1734449668, NULL, NULL),
('TICKET_1734449701_863', 'CALENDAR_1734023232_890', 'Trần Minh Châu ', 4, 2, 2, 504000, 60000, 70000, 'tranminhchau@email.com  ', 'STAFF_1734270602_910', 1734449703, NULL, NULL),
('TICKET_1734449746_764', 'CALENDAR_1734023232_890', 'Đinh Thị Tâm ', 4, 1, 4, 564000, 30000, 140000, 'dinhthitam@email.com  ', 'STAFF_1734270602_910', 1734449748, NULL, NULL),
('TICKET_1734449787_596', 'CALENDAR_1734023232_890', 'Phan Văn Hải ', 8, 2, 4, 1080000, 60000, 140000, 'phanvanhai@email.com  ', 'STAFF_1734270602_910', 1734449789, NULL, NULL),
('TICKET_1734449810_966', 'CALENDAR_1734023232_890', 'Đặng Thị Thanh ', 2, 1, 0, 288000, 30000, 0, 'dangthithanh@email.com  ', 'STAFF_1734270602_910', 1734449811, NULL, NULL),
('TICKET_1734449944_258', 'CALENDAR_1734020892_551', 'Lương Minh Khôi ', 2, 1, 1, 105000, 30000, 35000, 'luongminhkhoi@email.com  ', 'STAFF_1717668565_587', 1734449946, NULL, NULL),
('TICKET_1734449973_641', 'CALENDAR_1734020892_551', 'Tạ Thị Hương ', 4, 2, 2, 200000, 60000, 70000, 'tathihuong@email.com  ', 'STAFF_1717668565_587', 1734449974, NULL, NULL),
('TICKET_1734450000_588', 'CALENDAR_1734020892_551', 'Bùi Văn Phong ', 3, 2, 3, 172500, 60000, 105000, 'buivanphong@email.com  ', 'STAFF_1717668565_587', 1734450002, NULL, NULL),
('TICKET_1734450034_536', 'CALENDAR_1734020892_551', 'Lý Thị Hà ', 4, 2, 4, 240000, 60000, 140000, 'lythiha@email.com  ', 'STAFF_1717668565_587', 1734450039, NULL, NULL),
('TICKET_1734450074_911', 'CALENDAR_1734020892_551', 'Nguyễn Minh Trang ', 4, 2, 2, 250000, 60000, 70000, 'nguyenminhtrang@email.com  ', 'STAFF_1717668565_587', 1734450076, NULL, NULL),
('TICKET_1734450100_292', 'CALENDAR_1734020892_551', 'Võ Văn Bình ', 2, 1, 1, 125000, 30000, 35000, 'vovanbinh@email.com  ', 'STAFF_1717668565_587', 1734450101, NULL, NULL),
('TICKET_1734450123_515', 'CALENDAR_1734020892_551', 'Trần Thị Anh ', 6, 2, 4, 307500, 60000, 140000, 'tranthianh@email.com  ', 'STAFF_1717668565_587', 1734450125, NULL, NULL),
('TICKET_1734450153_164', 'CALENDAR_1734020892_551', 'Phạm Minh Nhựt ', 4, 2, 2, 250000, 60000, 70000, 'phamminhnhut@email.com  ', 'STAFF_1717668565_587', 1734450154, NULL, NULL),
('TICKET_1734450177_425', 'CALENDAR_1734020892_551', 'Đỗ Thị Ngọc ', 2, 2, 2, 110000, 60000, 70000, 'dothingoc@email.com  ', 'STAFF_1717668565_587', 1734450178, NULL, NULL),
('TICKET_1734450214_242', 'CALENDAR_1734020892_551', 'Hoàng Văn Thắng ', 2, 2, 1, 110000, 60000, 35000, 'hoangvanthang@email.com  ', 'STAFF_1717668565_587', 1734450216, NULL, NULL),
('TICKET_1734450339_931', 'CALENDAR_1734021604_913', 'Trịnh Quốc Việt ', 2, 1, 1, 276000, 30000, 35000, 'trinhquocviet@email.com  ', 'STAFF_1717668565_587', 1734450340, NULL, NULL),
('TICKET_1734450369_821', 'CALENDAR_1734021604_913', 'Lê Văn Hiệp ', 7, 4, 3, 1032000, 120000, 105000, 'levanhiep@email.com  ', 'STAFF_1717668565_587', 1734450370, NULL, NULL),
('TICKET_1734450392_670', 'CALENDAR_1734021604_913', 'Phan Thị Yến ', 2, 2, 4, 252000, 60000, 140000, 'phanthiyen@email.com  ', 'STAFF_1717668565_587', 1734450393, NULL, NULL),
('TICKET_1734450415_176', 'CALENDAR_1734021604_913', 'Võ Minh Duy ', 2, 2, 2, 264000, 60000, 70000, 'vominhduy@email.com  ', 'STAFF_1717668565_587', 1734450417, NULL, NULL),
('TICKET_1734450434_856', 'CALENDAR_1734021604_913', 'Đặng Thị Hòa ', 2, 0, 0, 312000, 0, 0, 'dangthihoa@email.com  ', 'STAFF_1717668565_587', 1734450435, NULL, NULL),
('TICKET_1734450479_368', 'CALENDAR_1734023881_654', 'Nguyễn Hoàng Linh ', 4, 2, 2, 305500, 60000, 70000, 'nguyenhoanglinh@email.com  ', 'STAFF_1717668565_587', 1734450480, NULL, NULL),
('TICKET_1734450501_362', 'CALENDAR_1734023881_654', 'Trần Minh Tùng', 6, 2, 4, 507000, 60000, 140000, 'tranminhtung@email.com  ', 'STAFF_1717668565_587', 1734450503, NULL, NULL),
('TICKET_1734450526_090', 'CALENDAR_1734023881_654', 'Phạm Văn Long ', 4, 4, 2, 279500, 120000, 70000, 'phamvanlong@email.com  ', 'STAFF_1717668565_587', 1734450528, NULL, NULL),
('TICKET_1734450555_205', 'CALENDAR_1734023881_654', 'Bùi Thị Mai ', 2, 0, 0, 169000, 0, 0, 'buithimai@email.com  ', 'STAFF_1717668565_587', 1734450556, NULL, NULL),
('TICKET_1734450583_593', 'CALENDAR_1734023881_654', 'Lý Quốc An ', 2, 3, 1, 136500, 90000, 35000, 'lyquocan@email.com  ', 'STAFF_1717668565_587', 1734450584, NULL, NULL),
('TICKET_1734450713_511', 'CALENDAR_1734024368_021', 'Trấn Thành', 80, 30, 30, 11280000, 900000, 1050000, 'thanhcry@gmail.com', 'STAFF_1717668565_587', 1734450720, NULL, NULL),
('TICKET_1735127675_282', 'CALENDAR_1735123064_600', 'Phi cute', 11, 3, 3, 129000, 90000, 105000, 'phido@gmail.com', 'STAFF_1717668565_587', 1735127677, NULL, NULL),
('TICKET_1735127733_940', 'CALENDAR_1735123064_600', 'david laid', 10, 3, 3, 115000, 90000, 105000, 'david@gmail.com', 'STAFF_1717668565_587', 1735127736, NULL, NULL),
('TICKET_1735127767_858', 'CALENDAR_1735122234_533', 'Nhu nhi', 6, 1, 2, 828000, 30000, 70000, 'nhi@gmail.com', 'STAFF_1717668565_587', 1735127769, NULL, NULL),
('TICKET_1735127817_944', 'CALENDAR_1735122234_533', 'Phong Nhã', 14, 2, 6, 2034000, 60000, 210000, 'nha@gmail.com', 'STAFF_1717668565_587', 1735127818, NULL, NULL),
('TICKET_1735127889_908', 'CALENDAR_1735122656_398', 'Nguyễn Tú', 9, 2, 3, 520000, 60000, 105000, 'tu2dai@gmail.com', 'STAFF_1717668565_587', 1735127890, NULL, NULL),
('TICKET_1735127930_235', 'CALENDAR_1735122656_398', 'Nguyễn Quang Nam', 11, 2, 4, 642500, 60000, 140000, 'nam12@gmail.com', 'STAFF_1717668565_587', 1735127931, NULL, NULL),
('TICKET_1735127998_107', 'CALENDAR_1735122246_324', 'Nguyễn Tuân', 18, 2, 2, 2574000, 60000, 70000, 'tuanghetigcuato@gmail.com', 'STAFF_1717668565_587', 1735128000, NULL, NULL),
('TICKET_1735128052_165', 'CALENDAR_1735122246_324', 'Tuấn Anh', 8, 2, 2, 1128000, 60000, 70000, 'tuananhvayen@gmail.com', 'STAFF_1717668565_587', 1735128054, NULL, NULL),
('TICKET_1735128113_875', 'CALENDAR_1735122192_165', 'Nguyễn Hải Nam', 17, 2, 3, 1170000, 60000, 105000, 'namper@gmail.com', 'STAFF_1717668565_587', 1735128115, NULL, NULL),
('TICKET_1735128142_315', 'CALENDAR_1735122192_165', 'Nguyễn Phú Cao', 12, 0, 0, 991250, 0, 0, 'cao2met@gmail.com', 'STAFF_1717668565_587', 1735128143, NULL, NULL),
('TICKET_1735128216_444', 'CALENDAR_1735122694_280', 'Trần Trung Chuyên ', 16, 10, 10, 2256000, 300000, 350000, 'chuyenpython2@gmail.com', 'STAFF_1717668565_587', 1735128218, NULL, NULL),
('TICKET_1735128270_918', 'CALENDAR_1735122694_280', 'John Wick', 11, 2, 3, 1560000, 60000, 105000, 'johnsodeep@gmail.com', 'STAFF_1717668565_587', 1735128271, NULL, NULL),
('TICKET_1735128336_372', 'CALENDAR_1735122716_366', 'Sarutobi Hiruzen', 13, 0, 11, 1836000, 0, 385000, 'hiru@gmail.com', 'STAFF_1717668565_587', 1735128337, NULL, NULL),
('TICKET_1735128630_059', 'CALENDAR_1735122716_366', 'Sơn Tùng M-TP', 9, 4, 4, 1338000, 120000, 140000, 'sontungmtp@gmail.com', 'STAFF_1717668565_587', 1735128631, NULL, NULL),
('TICKET_1735128730_922', 'CALENDAR_1735122098_352', 'Mỹ Tâm', 16, 12, 12, 2298000, 360000, 420000, 'mytam@gmail.com', 'STAFF_1717668565_587', 1735128732, NULL, NULL),
('TICKET_1735128778_653', 'CALENDAR_1735122150_432', 'Đen Vâu', 19, 5, 3, 2658000, 150000, 105000, 'denvau@gmail.com', 'STAFF_1717668565_587', 1735128779, NULL, NULL),
('TICKET_1735128841_941', 'CALENDAR_1735121967_282', 'Hồ Ngọc Hà', 19, 3, 3, 2670000, 90000, 105000, 'hongocha@gmail.com', 'STAFF_1717668565_587', 1735128843, NULL, NULL),
('TICKET_1735128884_406', 'CALENDAR_1735122736_471', 'Jack', 23, 5, 4, 3204000, 150000, 140000, 'jack@gmail.com', 'STAFF_1717668565_587', 1735128885, NULL, NULL),
('TICKET_1735128953_728', 'CALENDAR_1735122878_552', 'Noo Phước Thịnh', 20, 4, 4, 2790000, 120000, 140000, 'noophuocthinh@gmail.com', 'STAFF_1717668565_587', 1735128955, NULL, NULL),
('TICKET_1735129007_027', 'CALENDAR_1735122903_348', 'Min', 18, 9, 6, 1394250, 270000, 210000, 'min@gmail.com', 'STAFF_1717668565_587', 1735129009, NULL, NULL),
('TICKET_1735129054_843', 'CALENDAR_1735122928_708', 'Hoàng Thùy Linh', 21, 2, 2, 1618500, 60000, 70000, 'hoangthuylinh@gmail.com', 'STAFF_1717668565_587', 1735129055, NULL, NULL),
('TICKET_1735129088_093', 'CALENDAR_1735124149_521', 'Erik', 16, 0, 0, 1218750, 0, 0, 'erik@gmail.com', 'STAFF_1717668565_587', 1735129093, NULL, NULL),
('TICKET_1735129146_893', 'CALENDAR_1735122483_940', 'Hòa Minzy', 20, 5, 5, 1077750, 150000, 175000, 'hoaminzy@gmail.com', 'STAFF_1717668565_587', 1735129148, NULL, NULL),
('TICKET_1735129426_016', 'CALENDAR_1735122430_645', 'Trúc Nhân', 28, 4, 4, 1473750, 120000, 140000, 'trucnhan@gmail.com', 'STAFF_1734270560_525', 1735129427, NULL, NULL),
('TICKET_1735129501_947', 'CALENDAR_1735122749_560', 'Vũ Cát Tường', 17, 6, 5, 884250, 180000, 175000, 'vucattuong@gmail.com', 'STAFF_1734270560_525', 1735129502, NULL, NULL),
('TICKET_1735129546_048', 'CALENDAR_1735122777_105', 'Bích Phương', 22, 6, 6, 1163250, 180000, 210000, 'bichphuong@gmail.com', 'STAFF_1734270560_525', 1735129547, NULL, NULL),
('TICKET_1735129600_681', 'CALENDAR_1735122274_200', 'Ngô Kiến Huy', 19, 5, 5, 2718000, 150000, 175000, 'ngokienhuy@gmail.com', 'STAFF_1734270560_525', 1735129602, NULL, NULL),
('TICKET_1735129658_350', 'CALENDAR_1735123651_414', 'Tóc Tiên', 24, 8, 8, 3384000, 240000, 280000, 'toctien@gmail.com', 'STAFF_1734270560_525', 1735129660, NULL, NULL),
('TICKET_1735129720_110', 'CALENDAR_1735121834_556', 'Isaac', 21, 2, 2, 1104750, 60000, 70000, 'isaac@gmail.com', 'STAFF_1734270560_525', 1735129724, NULL, NULL),
('TICKET_1735129770_771', 'CALENDAR_1735123282_315', 'Phương Ly ', 23, 8, 8, 1192500, 240000, 280000, 'phuongly@gmail.com', 'STAFF_1734270560_525', 1735129772, NULL, NULL),
('TICKET_1735129818_319', 'CALENDAR_1735123683_936', 'Khắc Việt', 26, 5, 6, 1374750, 150000, 210000, 'khacviet@gmail.com', 'STAFF_1734270560_525', 1735129820, NULL, NULL),
('TICKET_1735129871_695', 'CALENDAR_1735121677_859', 'Soobin Hoàng Sơn', 22, 6, 6, 1176750, 180000, 210000, 'soobinhs@gmail.com', 'STAFF_1734270560_525', 1735129873, NULL, NULL),
('TICKET_1735129941_214', 'CALENDAR_1735122356_206', 'Thu Minh', 28, 6, 6, 1489500, 180000, 210000, 'thuminh@gmail.com', 'STAFF_1734270560_525', 1735129943, NULL, NULL),
('TICKET_1735129993_895', 'CALENDAR_1735122889_078', 'Đàm Vĩnh Hưng', 27, 7, 7, 3720000, 210000, 245000, 'damvinhhung@gmail.com', 'STAFF_1734270560_525', 1735129995, NULL, NULL),
('TICKET_1735130080_948', 'CALENDAR_1735124036_963', 'Quang Dũng', 30, 9, 6, 4236000, 270000, 210000, 'quangdung@gmail.com', 'STAFF_1734270560_525', 1735130082, NULL, NULL),
('TICKET_1735130126_952', 'CALENDAR_1735124104_861', 'Khánh Phương', 27, 15, 20, 3888000, 450000, 700000, 'khanhphuong@gmail.com', 'STAFF_1734270560_525', 1735130129, NULL, NULL),
('TICKET_1735130455_431', 'CALENDAR_1735122307_694', 'Lê Hiếu', 30, 6, 6, 1606500, 180000, 210000, 'lehieu@gmail.com', 'STAFF_1734270560_525', 1735130457, NULL, NULL),
('TICKET_1735130523_633', 'CALENDAR_1735123488_006', 'Hồ Quang Hiếu', 22, 5, 6, 1156500, 150000, 210000, 'hoquanghieu@gmail.com', 'STAFF_1734270560_525', 1735130524, NULL, NULL),
('TICKET_1735130580_483', 'CALENDAR_1735123900_683', 'Nguyễn Trần Trung Quân', 33, 10, 0, 1746000, 300000, 0, 'trungquan@gmail.com', 'STAFF_1734270560_525', 1735130582, NULL, NULL),
('TICKET_1735130877_528', 'CALENDAR_1735122916_023', 'Ái Phương', 27, 10, 10, 1410750, 300000, 350000, 'aiphuong@gmail.com', 'STAFF_1734270560_525', 1735130883, NULL, NULL),
('TICKET_1735130972_064', 'CALENDAR_1735123002_508', 'Hương Giang', 25, 8, 8, 3582000, 240000, 280000, 'huonggiang@gmail.com', 'STAFF_1734270560_525', 1735130973, NULL, NULL),
('TICKET_1735131039_493', 'CALENDAR_1735123997_888', 'Lynk Lee', 22, 6, 6, 3090000, 180000, 210000, 'lynklee@gmail.com', 'STAFF_1734270560_525', 1735131040, NULL, NULL),
('TICKET_1735131218_985', 'CALENDAR_1735121649_470', 'Lưu Hương Giang', 29, 7, 5, 1548000, 210000, 175000, 'luuhuonggiang@gmail.com', 'STAFF_1734270560_525', 1735131219, NULL, NULL),
('TICKET_1735131278_642', 'CALENDAR_1735122418_222', 'Hương Tràm', 28, 7, 8, 1464750, 210000, 280000, 'huongtram@gmail.com', 'STAFF_1734270560_525', 1735131280, NULL, NULL),
('TICKET_1735131325_187', 'CALENDAR_1735122790_588', 'Thanh Hà', 23, 4, 3, 1230750, 120000, 105000, 'thanhha@gmail.com', 'STAFF_1734270560_525', 1735131326, NULL, NULL),
('TICKET_1735131424_813', 'CALENDAR_1735122941_399', 'Ngọc Sơn', 27, 6, 10, 1449000, 180000, 350000, 'ngocson@gmail.com', 'STAFF_1734270560_525', 1735131426, NULL, NULL),
('TICKET_1735131505_829', 'CALENDAR_1735121812_291', 'Dương Triệu Vũ', 24, 8, 8, 1255500, 240000, 280000, 'duongtrieuvu@gmail.com', 'STAFF_1734270560_525', 1735131507, NULL, NULL),
('TICKET_1735131783_113', 'CALENDAR_1735123546_851', 'Trọng Hiếu', 20, 5, 5, 1059750, 150000, 175000, 'tronghieu@gmail.com', 'STAFF_1734270560_525', 1735131785, NULL, NULL),
('TICKET_1735131823_444', 'CALENDAR_1735121873_342', 'Chi Dân', 28, 7, 6, 1482750, 210000, 210000, 'chidan@gmail.com', 'STAFF_1734270560_525', 1735131825, NULL, NULL),
('TICKET_1735131866_938', 'CALENDAR_1735122461_571', 'Ưng Hoàng Phúc', 24, 4, 3, 1278000, 120000, 105000, 'unghoangphuc@gmail.com', 'STAFF_1734270560_525', 1735131867, NULL, NULL),
('TICKET_1735131931_457', 'CALENDAR_1735122853_839', 'Cẩm Ly', 32, 3, 1, 1685250, 90000, 35000, 'camly@gmail.com', 'STAFF_1734270560_525', 1735131932, NULL, NULL),
('TICKET_1735131973_140', 'CALENDAR_1735124007_539', 'Phan Mạnh Quỳnh', 26, 6, 6, 1379250, 180000, 210000, 'manhquynh@gmail.com', 'STAFF_1734270560_525', 1735131975, NULL, NULL),
('TICKET_1735132044_560', 'CALENDAR_1735121794_373', 'Nguyễn Văn Tùng', 22, 7, 7, 1163250, 210000, 245000, 'tung1882k4@gmail.com', 'STAFF_1734270560_525', 1735132046, NULL, NULL),
('TICKET_1735132228_682', 'CALENDAR_1735122325_299', 'Lương Bích Hữu', 22, 12, 8, 1158750, 360000, 280000, 'luongbichhuu@gmail.com', 'STAFF_1734270560_525', 1735132230, NULL, NULL),
('TICKET_1735132304_098', 'CALENDAR_1735122336_970', 'Only C', 28, 7, 7, 1527750, 210000, 245000, 'onlyc@gmail.com', 'STAFF_1734270560_525', 1735132305, NULL, NULL),
('TICKET_1735132371_330', 'CALENDAR_1735123729_522', 'Chipu', 24, 4, 6, 1271250, 120000, 210000, 'chipu@gmail.com', 'STAFF_1734270560_525', 1735132373, NULL, NULL),
('TICKET_1735132435_009', 'CALENDAR_1735121781_848', 'Bảo Anh', 25, 6, 6, 1341000, 180000, 210000, 'baoanh@gmail.com', 'STAFF_1734270560_525', 1735132436, NULL, NULL),
('TICKET_1735132490_923', 'CALENDAR_1735121479_368', 'Đức Phúc', 30, 6, 6, 4224000, 180000, 210000, 'ducphuc@gmail.com', 'STAFF_1734270560_525', 1735132491, NULL, NULL),
('TICKET_1735132553_318', 'CALENDAR_1735123825_480', 'Ali Hoàng Dương', 27, 5, 6, 3834000, 150000, 210000, 'alihoangduong@gmail.com', 'STAFF_1734270560_525', 1735132555, NULL, NULL),
('TICKET_1735132605_615', 'CALENDAR_1735122993_618', 'Quang Hà', 29, 5, 5, 4128000, 150000, 175000, 'quangha@gmail.com', 'STAFF_1734270560_525', 1735132606, NULL, NULL),
('TICKET_1735132667_954', 'CALENDAR_1735122803_097', 'Hà Anh Tuấn', 28, 4, 5, 3936000, 120000, 175000, 'haanhtuan@gmail.com', 'STAFF_1734270560_525', 1735132668, NULL, NULL),
('TICKET_1735132726_762', 'CALENDAR_1735123012_547', 'Nguyễn Hồng Nhung', 26, 4, 9, 3660000, 120000, 315000, 'nhongnhung@gmail.com', 'STAFF_1734270560_525', 1735132728, NULL, NULL),
('TICKET_1735132791_533', 'CALENDAR_1735121509_237', 'Ngọc Ánh', 31, 7, 5, 1660500, 210000, 175000, 'ngocanh@gmail.com', 'STAFF_1734270560_525', 1735132792, NULL, NULL),
('TICKET_1735132841_236', 'CALENDAR_1735122967_292', 'Đông Nhi', 29, 8, 7, 1545750, 240000, 245000, 'dongnhi@gmail.com', 'STAFF_1734270560_525', 1735132842, NULL, NULL),
('TICKET_1735133147_673', 'CALENDAR_1735121611_513', 'Khởi My', 27, 3, 3, 3834000, 90000, 105000, 'khoimy@gmail.com', 'STAFF_1734270560_525', 1735133148, NULL, NULL),
('TICKET_1735133198_588', 'CALENDAR_1735122823_076', 'Trương Quỳnh Anh', 27, 9, 5, 3798000, 270000, 175000, 'truongquynhanh@gmail.com', 'STAFF_1734270560_525', 1735133199, NULL, NULL),
('TICKET_1735133304_216', 'CALENDAR_1735124015_982', 'Ngô Thanh Vân', 31, 7, 7, 4380000, 210000, 245000, 'ngothanhvan@gmail.com', 'STAFF_1734270560_525', 1735133305, NULL, NULL),
('TICKET_1735133384_461', 'CALENDAR_1735122289_875', 'Tiên Cookie', 30, 0, 0, 1611000, 0, 0, 'tiencookie@gmail.com', 'STAFF_1734270560_525', 1735133386, NULL, NULL),
('TICKET_1735133452_109', 'CALENDAR_1735122952_234', 'Quang Lê', 26, 4, 4, 1379250, 120000, 140000, 'quangle@gmail.com', 'STAFF_1734270560_525', 1735133454, NULL, NULL),
('TICKET_1735133503_376', 'CALENDAR_1735123511_342', 'Nhật Kim Anh', 28, 6, 5, 1485000, 180000, 175000, 'nhatkimanh@gmail.com', 'STAFF_1734270560_525', 1735133504, NULL, NULL),
('TICKET_1735133559_583', 'CALENDAR_1735123887_262', 'Hồ Lệ Thu', 28, 5, 5, 1491750, 150000, 175000, 'holetthu@gmail.com', 'STAFF_1734270560_525', 1735133560, NULL, NULL),
('TICKET_1735133790_098', 'CALENDAR_1734019407_473', 'Nguyễn Hồng Nhung', 34, 10, 5, 1240000, 300000, 175000, 'nhongnhung@gmail.com', 'STAFF_1734270602_910', 1735133791, NULL, NULL),
('TICKET_1735133845_766', 'CALENDAR_1735123620_046', 'Ngọc Ánh', 34, 6, 5, 1253950, 180000, 175000, 'ngocanh@gmail.com', 'STAFF_1734270602_910', 1735133846, NULL, NULL),
('TICKET_1735133915_825', 'CALENDAR_1735123421_482', 'Đông Nhi', 33, 6, 6, 1750500, 180000, 210000, 'dongnhi@gmail.com', 'STAFF_1734270602_910', 1735133916, NULL, NULL),
('TICKET_1735133974_252', 'CALENDAR_1735123574_433', 'Khởi My', 33, 5, 5, 3885000, 150000, 175000, 'khoimy@gmail.com', 'STAFF_1734270602_910', 1735133976, NULL, NULL),
('TICKET_1735134034_497', 'CALENDAR_1735123596_601', 'Trương Quỳnh Anh', 31, 6, 6, 1653750, 180000, 210000, 'truongquynhanh@gmail.com', 'STAFF_1734270602_910', 1735134035, NULL, NULL),
('TICKET_1735134096_969', 'CALENDAR_1735123398_282', 'Ngô Thanh Vân', 30, 5, 5, 351500, 150000, 175000, 'ngothanhvan@gmail.com', 'STAFF_1734270602_910', 1735134098, NULL, NULL),
('TICKET_1735134174_823', 'CALENDAR_1735123208_830', 'Tiên Cookie', 29, 5, 5, 1886500, 150000, 175000, 'tiencookie@gmail.com', 'STAFF_1734270602_910', 1735134175, NULL, NULL),
('TICKET_1735134240_393', 'CALENDAR_1735123431_582', 'Quang Lê', 28, 7, 7, 3966000, 210000, 245000, 'quangle@gmail.com', 'STAFF_1734270602_910', 1735134241, NULL, NULL),
('TICKET_1735134308_520', 'CALENDAR_1735123631_081', 'Nhật Kim Anh', 27, 6, 6, 3810000, 180000, 210000, 'nhatkimanh@gmail.com', 'STAFF_1734270602_910', 1735134310, NULL, NULL),
('TICKET_1735134358_423', 'CALENDAR_1735123227_987', 'Trần Thu Hà', 32, 6, 5, 4530000, 180000, 175000, 'tranthuha@gmail.com', 'STAFF_1734270602_910', 1735134359, NULL, NULL),
('TICKET_1735134413_525', 'CALENDAR_1735123367_175', 'Đoan Trang', 31, 0, 0, 4416000, 0, 0, 'doantrang@gmail.com', 'STAFF_1734270602_910', 1735134414, NULL, NULL),
('TICKET_1735134486_818', 'CALENDAR_1735123148_441', 'Hồng Nhung', 28, 7, 8, 3954000, 210000, 280000, 'hongnhung@gmail.com', 'STAFF_1734270602_910', 1735134489, NULL, NULL),
('TICKET_1735134564_699', 'CALENDAR_1735123351_017', 'Lam Trường', 26, 5, 5, 3690000, 150000, 175000, 'lamtruong@gmail.com', 'STAFF_1734270602_910', 1735134565, NULL, NULL),
('TICKET_1735134623_670', 'CALENDAR_1735123468_966', 'Quang Linh', 33, 4, 4, 4680000, 120000, 140000, 'quanglinh@gmail.com', 'STAFF_1734270602_910', 1735134624, NULL, NULL),
('TICKET_1735134702_952', 'CALENDAR_1735123639_396', 'Tùng Dương', 32, 4, 4, 4530000, 120000, 140000, 'tungduong@gmail.com', 'STAFF_1734270602_910', 1735134703, NULL, NULL),
('TICKET_1735134833_262', 'CALENDAR_1735123931_732', 'Thu Phương', 35, 6, 6, 4902000, 180000, 210000, 'thuphuong@gmail.com', 'STAFF_1734270602_910', 1735134834, NULL, NULL),
('TICKET_1735134938_373', 'CALENDAR_1735123253_418', 'Lệ Quyên', 31, 6, 6, 2385500, 180000, 210000, 'lequyen@gmail.com', 'STAFF_1734270602_910', 1735134939, NULL, NULL),
('TICKET_1735134997_041', 'CALENDAR_1735123239_727', 'Tuấn Hưng', 31, 6, 5, 4410000, 180000, 175000, 'tunghung@gmail.com', 'STAFF_1734270602_910', 1735134998, NULL, NULL),
('TICKET_1735135054_795', 'CALENDAR_1735123478_461', 'Duy Mạnh', 37, 6, 5, 5262000, 180000, 175000, 'duymanh@gmail.com', 'STAFF_1734270602_910', 1735135056, NULL, NULL),
('TICKET_1735135131_669', 'CALENDAR_1735123952_498', 'Thanh Thảo', 34, 6, 6, 4812000, 180000, 210000, 'thanhthao@gmail.com', 'STAFF_1734270602_910', 1735135133, NULL, NULL),
('TICKET_1735135189_860', 'CALENDAR_1735124131_545', 'Đức Tuấn', 29, 5, 5, 2206750, 150000, 175000, 'ductuan@gmail.com', 'STAFF_1734270602_910', 1735135190, NULL, NULL),
('TICKET_1735136791_556', 'CALENDAR_1735123651_414', 'Cao Thái Sơn', 22, 4, 5, 2784000, 120000, 175000, 'caothaison@gmail.com', 'STAFF_1734270602_910', 1735136792, NULL, NULL),
('TICKET_1735136863_457', 'CALENDAR_1735123530_389', 'Hồ Văn Cường', 34, 7, 7, 1815750, 210000, 245000, 'hovancuong@gmail.com', 'STAFF_1734270602_910', 1735136865, NULL, NULL),
('TICKET_1735137022_774', 'CALENDAR_1735123664_075', 'Thanh Duy Idol', 28, 4, 4, 1489500, 120000, 140000, 'thanhduyidol@gmail.com', 'STAFF_1734270602_910', 1735137023, NULL, NULL),
('TICKET_1735137088_474', 'CALENDAR_1735123309_820', 'Thiều Bảo Trâm', 28, 6, 5, 1476000, 180000, 175000, 'thieubaotram@gmail.com', 'STAFF_1734270602_910', 1735137089, NULL, NULL),
('TICKET_1735137135_032', 'CALENDAR_1735123872_794', 'Ngọc Khuê', 29, 1, 1, 4050000, 30000, 35000, 'ngockhue@gmail.com', 'STAFF_1734270602_910', 1735137137, NULL, NULL),
('TICKET_1735137208_509', 'CALENDAR_1735123502_004', 'Hoàng Yến Chibi', 28, 4, 3, 1496250, 120000, 105000, 'hoangyenchibi@gmail.com', 'STAFF_1734270602_910', 1735137210, NULL, NULL),
('TICKET_1735137268_575', 'CALENDAR_1735123293_019', 'Miu Lê', 29, 7, 6, 1532250, 210000, 210000, 'miule@gmail.com', 'STAFF_1734270602_910', 1735137269, NULL, NULL),
('TICKET_1735137314_879', 'CALENDAR_1735123560_870', 'Bảo Thy', 28, 5, 5, 1469250, 150000, 175000, 'baothy@gmail.com', 'STAFF_1734270602_910', 1735137315, NULL, NULL),
('TICKET_1735137425_243', 'CALENDAR_1735123773_437', 'Văn Mai Hương', 27, 10, 7, 3756000, 300000, 245000, 'vanmaihuong@gmail.com', 'STAFF_1734270602_910', 1735137426, NULL, NULL);

--
-- Chỉ mục cho các bảng đã đổ
--

--
-- Chỉ mục cho bảng `calendar`
--
ALTER TABLE `calendar`
  ADD PRIMARY KEY (`id`),
  ADD KEY `idMovie` (`idMovie`);

--
-- Chỉ mục cho bảng `movie`
--
ALTER TABLE `movie`
  ADD PRIMARY KEY (`id`),
  ADD KEY `idx_movie_name` (`name`);

--
-- Chỉ mục cho bảng `seat`
--
ALTER TABLE `seat`
  ADD PRIMARY KEY (`id`),
  ADD KEY `idTicket_idx` (`idTicket`),
  ADD KEY `idCalendar_idx` (`idCalendar`);

--
-- Chỉ mục cho bảng `staff`
--
ALTER TABLE `staff`
  ADD PRIMARY KEY (`idnv`),
  ADD UNIQUE KEY `email_UNIQUE` (`email`),
  ADD KEY `idx_staff_email` (`email`);

--
-- Chỉ mục cho bảng `ticket`
--
ALTER TABLE `ticket`
  ADD PRIMARY KEY (`id`),
  ADD KEY `idCalendar` (`idCalendar`),
  ADD KEY `createBy` (`createBy`),
  ADD KEY `checkinBy` (`checkinBy`);

--
-- AUTO_INCREMENT cho các bảng đã đổ
--

--
-- AUTO_INCREMENT cho bảng `seat`
--
ALTER TABLE `seat`
  MODIFY `id` bigint(20) NOT NULL AUTO_INCREMENT, AUTO_INCREMENT=2972;

--
-- Các ràng buộc cho các bảng đã đổ
--

--
-- Các ràng buộc cho bảng `calendar`
--
ALTER TABLE `calendar`
  ADD CONSTRAINT `calendar_ibfk_1` FOREIGN KEY (`idMovie`) REFERENCES `movie` (`id`);

--
-- Các ràng buộc cho bảng `seat`
--
ALTER TABLE `seat`
  ADD CONSTRAINT `idCalendar` FOREIGN KEY (`idCalendar`) REFERENCES `calendar` (`id`),
  ADD CONSTRAINT `idTicket` FOREIGN KEY (`idTicket`) REFERENCES `ticket` (`id`) ON DELETE CASCADE;

--
-- Các ràng buộc cho bảng `ticket`
--
ALTER TABLE `ticket`
  ADD CONSTRAINT `checkinBy` FOREIGN KEY (`checkinBy`) REFERENCES `staff` (`idnv`) ON DELETE NO ACTION ON UPDATE NO ACTION,
  ADD CONSTRAINT `ticket_ibfk_1` FOREIGN KEY (`idCalendar`) REFERENCES `calendar` (`id`),
  ADD CONSTRAINT `ticket_ibfk_2` FOREIGN KEY (`createBy`) REFERENCES `staff` (`idnv`);
COMMIT;

/*!40101 SET CHARACTER_SET_CLIENT=@OLD_CHARACTER_SET_CLIENT */;
/*!40101 SET CHARACTER_SET_RESULTS=@OLD_CHARACTER_SET_RESULTS */;
/*!40101 SET COLLATION_CONNECTION=@OLD_COLLATION_CONNECTION */;
